trialNumberGlobal,trialNumberBlock,blockNumber,timeExperiment,timeBlock,reactionTime,blockType,fireType,targetType,numDistractors,numDistractorsSing,blockFirePosition,targetPosition,trialFirePosition,
0,0,0,61.33232,2.268446,1.38727,BlockFire,none,NonFire,30,6,"(-17.0, 2.0, 15.0)","(-8.0, 3.0, 19.0)","(0.0, 0.0, 0.0)",
1,1,0,64.2137,5.14984,0.5691791,BlockFire,trial,NonFire,30,6,"(-17.0, 2.0, 15.0)","(-18.0, 1.0, 10.0)","(-15.0, 4.0, 4.0)",
2,2,0,68.23469,9.170863,2.233107,BlockFire,none,NonFire,30,6,"(-17.0, 2.0, 15.0)","(16.0, 1.0, 6.0)","(0.0, 0.0, 0.0)",
3,3,0,70.6141,11.55032,1.028535,BlockFire,none,NonFire,30,6,"(-17.0, 2.0, 15.0)","(-7.0, 2.0, 3.0)","(0.0, 0.0, 0.0)",
4,4,0,74.34414,15.28032,1.686176,BlockFire,block,NonFire,30,6,"(-17.0, 2.0, 15.0)","(9.0, 3.0, 4.0)","(0.0, 0.0, 0.0)",
5,5,0,77.38267,18.31887,0.5129451,BlockFire,block,NonFire,30,6,"(-17.0, 2.0, 15.0)","(-17.0, 1.0, 5.0)","(0.0, 0.0, 0.0)",
6,6,0,80.70019,21.63632,0.6374095,BlockFire,trial,NonFire,30,6,"(-17.0, 2.0, 15.0)","(-16.0, 4.0, 17.0)","(-5.0, 3.0, 2.0)",
7,7,0,84.52007,25.45623,1.284653,BlockFire,block,NonFire,30,6,"(-17.0, 2.0, 15.0)","(19.0, 3.0, 4.0)","(0.0, 0.0, 0.0)",
8,8,0,86.93209,27.86826,0.6151327,BlockFire,none,NonFire,30,6,"(-17.0, 2.0, 15.0)","(-5.0, 3.0, 6.0)","(0.0, 0.0, 0.0)",
9,9,0,89.69267,30.6288,0.7534656,BlockFire,trial,NonFire,30,6,"(-17.0, 2.0, 15.0)","(7.0, 3.0, 1.0)","(-17.0, 1.0, 10.0)",
10,10,0,93.28807,34.22414,1.105007,BlockFire,block,NonFire,30,6,"(-17.0, 2.0, 15.0)","(-14.0, 1.0, 8.0)","(0.0, 0.0, 0.0)",
11,11,0,95.70103,36.63708,1.105007,BlockFire,trial,NonFire,30,6,"(-17.0, 2.0, 15.0)","(4.0, 4.0, 18.0)","(-13.0, 4.0, 13.0)",
12,12,0,98.49311,39.42916,0.536449,BlockFire,block,NonFire,30,6,"(-17.0, 2.0, 15.0)","(-20.0, 3.0, 12.0)","(0.0, 0.0, 0.0)",
13,13,0,101.3235,42.25962,0.2898847,BlockFire,block,NonFire,30,6,"(-17.0, 2.0, 15.0)","(13.0, 3.0, 16.0)","(0.0, 0.0, 0.0)",
14,14,0,104.3249,45.26094,1.23993,BlockFire,none,NonFire,30,6,"(-17.0, 2.0, 15.0)","(-16.0, 2.0, 0.0)","(0.0, 0.0, 0.0)",
15,15,0,107.6855,48.62168,1.406713,BlockFire,trial,Fire,30,6,"(-17.0, 2.0, 15.0)","(18.0, 2.0, 13.0)","(19.0, 4.0, 15.0)",
16,16,0,110.568,51.50416,1.318024,BlockFire,none,NonFire,30,6,"(-17.0, 2.0, 15.0)","(-10.0, 1.0, 5.0)","(0.0, 0.0, 0.0)",
17,17,0,114.4108,55.34696,2.636498,BlockFire,none,NonFire,30,6,"(-17.0, 2.0, 15.0)","(13.0, 3.0, 0.0)","(0.0, 0.0, 0.0)",
18,18,0,117.1913,58.12742,0.9059871,BlockFire,trial,NonFire,30,6,"(-17.0, 2.0, 15.0)","(14.0, 1.0, 10.0)","(-20.0, 2.0, 18.0)",
19,19,0,119.0897,60.02589,0.9059871,BlockFire,block,NonFire,30,6,"(-17.0, 2.0, 15.0)","(-7.0, 4.0, 12.0)","(0.0, 0.0, 0.0)",
20,20,0,121.603,62.53909,1.388464,BlockFire,none,NonFire,30,6,"(-17.0, 2.0, 15.0)","(13.0, 2.0, 15.0)","(0.0, 0.0, 0.0)",
21,21,0,123.8478,64.78397,0.1568787,BlockFire,trial,NonFire,30,6,"(-17.0, 2.0, 15.0)","(-9.0, 3.0, 3.0)","(13.0, 3.0, 6.0)",
22,22,0,126.4415,67.37769,0.1568787,BlockFire,trial,NonFire,30,6,"(-17.0, 2.0, 15.0)","(6.0, 3.0, 14.0)","(-3.0, 1.0, 17.0)",
23,23,0,128.652,69.58818,2.190061,BlockFire,block,NonFire,30,6,"(-17.0, 2.0, 15.0)","(2.0, 3.0, 9.0)","(0.0, 0.0, 0.0)",
24,24,0,131.578,72.51404,2.196315,BlockFire,none,NonFire,30,6,"(-17.0, 2.0, 15.0)","(-16.0, 1.0, 4.0)","(0.0, 0.0, 0.0)",
25,25,0,135.3985,76.33456,1.83226,BlockFire,trial,NonFire,30,6,"(-17.0, 2.0, 15.0)","(19.0, 1.0, 10.0)","(18.0, 3.0, 0.0)",
26,26,0,138.5473,79.48333,1.060413,BlockFire,block,NonFire,30,6,"(-17.0, 2.0, 15.0)","(7.0, 3.0, 0.0)","(0.0, 0.0, 0.0)",
27,27,0,141.3626,82.29872,0.3022307,BlockFire,block,NonFire,30,6,"(-17.0, 2.0, 15.0)","(-11.0, 1.0, 0.0)","(0.0, 0.0, 0.0)",
28,28,0,144.7813,85.71732,0.8722945,BlockFire,block,NonFire,30,6,"(-17.0, 2.0, 15.0)","(19.0, 1.0, 10.0)","(0.0, 0.0, 0.0)",
29,29,0,147.439,88.37513,0.2219976,BlockFire,block,NonFire,30,6,"(-17.0, 2.0, 15.0)","(-15.0, 2.0, 13.0)","(0.0, 0.0, 0.0)",
30,30,0,152.846,93.7819,2.948476,BlockFire,block,Fire,30,6,"(-17.0, 2.0, 15.0)","(-16.0, 2.0, 15.0)","(0.0, 0.0, 0.0)",
31,31,0,156.7,97.63566,2.026013,BlockFire,none,NonFire,30,6,"(-17.0, 2.0, 15.0)","(10.0, 4.0, 5.0)","(0.0, 0.0, 0.0)",
32,32,0,158.5529,99.48846,2.026013,BlockFire,block,NonFire,30,6,"(-17.0, 2.0, 15.0)","(-13.0, 2.0, 19.0)","(0.0, 0.0, 0.0)",
33,33,0,161.1122,102.0477,0.02198839,BlockFire,block,NonFire,30,6,"(-17.0, 2.0, 15.0)","(12.0, 3.0, 6.0)","(0.0, 0.0, 0.0)",
34,34,0,163.8479,104.7831,0.2343289,BlockFire,block,NonFire,30,6,"(-17.0, 2.0, 15.0)","(-16.0, 1.0, 2.0)","(0.0, 0.0, 0.0)",
35,35,0,166.5726,107.5078,0.1658663,BlockFire,block,NonFire,30,6,"(-17.0, 2.0, 15.0)","(13.0, 3.0, 15.0)","(0.0, 0.0, 0.0)",
36,36,0,169.4444,110.3796,0.3345034,BlockFire,block,Fire,30,6,"(-17.0, 2.0, 15.0)","(-17.0, 4.0, 14.0)","(0.0, 0.0, 0.0)",
37,37,0,171.9455,112.8807,0.3345034,BlockFire,block,NonFire,30,6,"(-17.0, 2.0, 15.0)","(5.0, 2.0, 19.0)","(0.0, 0.0, 0.0)",
38,38,0,174.3469,115.2821,2.380289,BlockFire,block,NonFire,30,6,"(-17.0, 2.0, 15.0)","(-4.0, 1.0, 13.0)","(0.0, 0.0, 0.0)",
39,39,0,178.5687,119.504,3.506635,BlockFire,block,NonFire,30,6,"(-17.0, 2.0, 15.0)","(17.0, 2.0, 3.0)","(0.0, 0.0, 0.0)",
40,40,0,181.1055,122.0409,0.04465591,BlockFire,block,NonFire,30,6,"(-17.0, 2.0, 15.0)","(-17.0, 2.0, 11.0)","(0.0, 0.0, 0.0)",
41,41,0,183.3045,124.2398,0.04465591,BlockFire,block,NonFire,30,6,"(-17.0, 2.0, 15.0)","(0.0, 3.0, 7.0)","(0.0, 0.0, 0.0)",
42,42,0,187.0476,127.9831,2.509598,BlockFire,block,NonFire,30,6,"(-17.0, 2.0, 15.0)","(16.0, 3.0, 1.0)","(0.0, 0.0, 0.0)",
43,43,0,189.2136,130.1491,0.4244885,BlockFire,none,NonFire,30,6,"(-17.0, 2.0, 15.0)","(3.0, 1.0, 14.0)","(0.0, 0.0, 0.0)",
44,44,0,190.7322,131.6677,0.4244885,BlockFire,block,NonFire,30,6,"(-17.0, 2.0, 15.0)","(3.0, 4.0, 13.0)","(0.0, 0.0, 0.0)",
45,45,0,192.9216,133.8571,0.8053808,BlockFire,none,NonFire,30,6,"(-17.0, 2.0, 15.0)","(3.0, 3.0, 16.0)","(0.0, 0.0, 0.0)",
46,46,0,195.9705,136.906,1.206034,BlockFire,block,NonFire,30,6,"(-17.0, 2.0, 15.0)","(14.0, 1.0, 7.0)","(0.0, 0.0, 0.0)",
47,47,0,199.4338,140.3693,0.9269888,BlockFire,block,NonFire,30,6,"(-17.0, 2.0, 15.0)","(8.0, 1.0, 1.0)","(0.0, 0.0, 0.0)",
48,48,0,201.5217,142.4573,0.9269888,BlockFire,block,NonFire,30,6,"(-17.0, 2.0, 15.0)","(-6.0, 3.0, 17.0)","(0.0, 0.0, 0.0)",
49,49,0,203.8006,144.7362,1.97695,BlockFire,block,NonFire,30,6,"(-17.0, 2.0, 15.0)","(9.0, 4.0, 16.0)","(0.0, 0.0, 0.0)",
50,50,0,205.8896,146.8251,1.865764,BlockFire,block,NonFire,30,6,"(-17.0, 2.0, 15.0)","(-1.0, 1.0, 9.0)","(0.0, 0.0, 0.0)",
51,51,0,208.4812,149.4167,2.22224,BlockFire,trial,NonFire,30,6,"(-17.0, 2.0, 15.0)","(-3.0, 3.0, 6.0)","(-14.0, 4.0, 16.0)",
52,52,0,212.5463,153.4818,3.013889,BlockFire,block,NonFire,30,6,"(-17.0, 2.0, 15.0)","(16.0, 3.0, 8.0)","(0.0, 0.0, 0.0)",
53,53,0,214.6956,155.6311,3.013889,BlockFire,trial,NonFire,30,6,"(-17.0, 2.0, 15.0)","(-3.0, 1.0, 11.0)","(19.0, 4.0, 10.0)",
54,54,0,216.78,157.7155,1.776131,BlockFire,block,NonFire,30,6,"(-17.0, 2.0, 15.0)","(7.0, 4.0, 10.0)","(0.0, 0.0, 0.0)",
55,55,0,219.2829,160.2184,1.341095,BlockFire,none,NonFire,30,6,"(-17.0, 2.0, 15.0)","(3.0, 1.0, 16.0)","(0.0, 0.0, 0.0)",
56,56,0,223.3139,164.2495,2.145246,BlockFire,block,NonFire,30,6,"(-17.0, 2.0, 15.0)","(13.0, 2.0, 8.0)","(0.0, 0.0, 0.0)",
57,57,0,225.9614,166.8969,0.8605796,BlockFire,none,NonFire,30,6,"(-17.0, 2.0, 15.0)","(-2.0, 4.0, 3.0)","(0.0, 0.0, 0.0)",
58,58,0,228.9211,169.8566,1.127494,BlockFire,block,NonFire,30,6,"(-17.0, 2.0, 15.0)","(4.0, 2.0, 2.0)","(0.0, 0.0, 0.0)",
59,59,0,231.4561,172.3916,0.05577297,BlockFire,block,NonFire,30,6,"(-17.0, 2.0, 15.0)","(13.0, 2.0, 13.0)","(0.0, 0.0, 0.0)",
60,60,0,233.9359,174.8714,0.05577297,BlockFire,block,NonFire,30,6,"(-17.0, 2.0, 15.0)","(11.0, 2.0, 19.0)","(0.0, 0.0, 0.0)",
61,61,0,236.0476,176.9831,2.099963,BlockFire,block,NonFire,30,6,"(-17.0, 2.0, 15.0)","(-5.0, 4.0, 17.0)","(0.0, 0.0, 0.0)",
62,62,0,238.4605,179.396,2.078985,BlockFire,block,NonFire,30,6,"(-17.0, 2.0, 15.0)","(8.0, 2.0, 11.0)","(0.0, 0.0, 0.0)",
63,63,0,242.435,183.3705,3.038697,BlockFire,block,Fire,30,6,"(-17.0, 2.0, 15.0)","(-16.0, 4.0, 16.0)","(0.0, 0.0, 0.0)",
64,64,0,245.9994,186.935,1.11682,BlockFire,block,NonFire,30,6,"(-17.0, 2.0, 15.0)","(18.0, 4.0, 12.0)","(0.0, 0.0, 0.0)",
65,65,0,249.7591,190.6946,1.246544,BlockFire,trial,NonFire,30,6,"(-17.0, 2.0, 15.0)","(11.0, 3.0, 1.0)","(18.0, 2.0, 16.0)",
66,66,0,252.0527,192.9882,0.02175933,BlockFire,block,NonFire,30,6,"(-17.0, 2.0, 15.0)","(-1.0, 2.0, 15.0)","(0.0, 0.0, 0.0)",
67,67,0,255.6272,196.5627,0.8590363,BlockFire,trial,NonFire,30,6,"(-17.0, 2.0, 15.0)","(11.0, 4.0, 4.0)","(4.0, 2.0, 18.0)",
68,68,0,258.4303,199.366,0.9948186,BlockFire,none,NonFire,30,6,"(-17.0, 2.0, 15.0)","(-19.0, 1.0, 4.0)","(0.0, 0.0, 0.0)",
69,69,0,260.508,201.4435,0.8047682,BlockFire,none,NonFire,30,6,"(-17.0, 2.0, 15.0)","(3.0, 4.0, 19.0)","(0.0, 0.0, 0.0)",
70,70,0,263.5238,204.4594,1.194933,BlockFire,block,NonFire,30,6,"(-17.0, 2.0, 15.0)","(17.0, 1.0, 8.0)","(0.0, 0.0, 0.0)",
71,71,0,265.78,206.7155,1.194933,BlockFire,block,NonFire,30,6,"(-17.0, 2.0, 15.0)","(2.0, 4.0, 19.0)","(0.0, 0.0, 0.0)",
72,72,0,267.9243,208.8599,1.923192,BlockFire,block,NonFire,30,6,"(-17.0, 2.0, 15.0)","(-5.0, 2.0, 18.0)","(0.0, 0.0, 0.0)",
73,73,0,272.058,212.9935,4.713884,BlockFire,none,NonFire,30,6,"(-17.0, 2.0, 15.0)","(16.0, 4.0, 6.0)","(0.0, 0.0, 0.0)",
74,74,0,273.6321,214.5677,4.713884,BlockFire,block,NonFire,30,6,"(-17.0, 2.0, 15.0)","(2.0, 2.0, 5.0)","(0.0, 0.0, 0.0)",
75,75,0,277.0611,217.9964,1.874377,BlockFire,block,NonFire,30,6,"(-17.0, 2.0, 15.0)","(-20.0, 1.0, 10.0)","(0.0, 0.0, 0.0)",
76,76,0,279.8318,220.7672,0.2334567,BlockFire,block,Fire,30,6,"(-17.0, 2.0, 15.0)","(-17.0, 4.0, 14.0)","(0.0, 0.0, 0.0)",
77,77,0,282.0665,223.0021,0.2334567,BlockFire,block,NonFire,30,6,"(-17.0, 2.0, 15.0)","(-4.0, 1.0, 12.0)","(0.0, 0.0, 0.0)",
78,78,0,284.3442,225.28,2.009908,BlockFire,block,NonFire,30,6,"(-17.0, 2.0, 15.0)","(-5.0, 2.0, 9.0)","(0.0, 0.0, 0.0)",
79,79,0,286.9466,227.8826,2.380554,BlockFire,trial,Fire,30,6,"(-17.0, 2.0, 15.0)","(6.0, 1.0, 17.0)","(5.0, 2.0, 17.0)",
80,80,0,289.627,230.5631,2.669095,BlockFire,block,NonFire,30,6,"(-17.0, 2.0, 15.0)","(-7.0, 2.0, 4.0)","(0.0, 0.0, 0.0)",
81,81,0,291.6808,232.6169,4.108034,BlockFire,block,NonFire,30,6,"(-17.0, 2.0, 15.0)","(3.0, 1.0, 6.0)","(0.0, 0.0, 0.0)",
82,82,0,294.0389,234.9749,1.139692,BlockFire,none,NonFire,30,6,"(-17.0, 2.0, 15.0)","(11.0, 3.0, 17.0)","(0.0, 0.0, 0.0)",
83,83,0,295.9494,236.8852,1.139692,BlockFire,block,NonFire,30,6,"(-17.0, 2.0, 15.0)","(-8.0, 3.0, 17.0)","(0.0, 0.0, 0.0)",
84,84,0,298.2052,239.1411,2.200471,BlockFire,block,NonFire,30,6,"(-17.0, 2.0, 15.0)","(-7.0, 3.0, 12.0)","(0.0, 0.0, 0.0)",
85,85,0,300.7749,241.7108,1.587682,BlockFire,none,NonFire,30,6,"(-17.0, 2.0, 15.0)","(-11.0, 1.0, 8.0)","(0.0, 0.0, 0.0)",
86,86,0,302.316,243.2517,1.587682,BlockFire,block,NonFire,30,6,"(-17.0, 2.0, 15.0)","(8.0, 2.0, 11.0)","(0.0, 0.0, 0.0)",
87,87,0,305.4214,246.3574,1.004664,BlockFire,block,Fire,30,6,"(-17.0, 2.0, 15.0)","(-16.0, 3.0, 14.0)","(0.0, 0.0, 0.0)",
88,88,0,309.4533,250.3894,2.256651,BlockFire,none,NonFire,30,6,"(-17.0, 2.0, 15.0)","(18.0, 4.0, 8.0)","(0.0, 0.0, 0.0)",
89,89,0,311.6531,252.5892,0.3349342,BlockFire,block,NonFire,30,6,"(-17.0, 2.0, 15.0)","(-11.0, 2.0, 6.0)","(0.0, 0.0, 0.0)",
90,90,0,315.6289,256.565,1.518673,BlockFire,block,NonFire,30,6,"(-17.0, 2.0, 15.0)","(-18.0, 2.0, 8.0)","(0.0, 0.0, 0.0)",
91,91,0,317.9981,258.9343,1.518673,BlockFire,block,NonFire,30,6,"(-17.0, 2.0, 15.0)","(11.0, 2.0, 9.0)","(0.0, 0.0, 0.0)",
92,92,0,320.6339,261.5701,1.786013,BlockFire,none,NonFire,30,6,"(-17.0, 2.0, 15.0)","(-14.0, 4.0, 5.0)","(0.0, 0.0, 0.0)",
93,93,0,323.1362,264.0724,0.6254522,BlockFire,block,NonFire,30,6,"(-17.0, 2.0, 15.0)","(-11.0, 1.0, 7.0)","(0.0, 0.0, 0.0)",
94,94,0,326.0623,266.9984,1.127864,BlockFire,none,NonFire,30,6,"(-17.0, 2.0, 15.0)","(-15.0, 4.0, 17.0)","(0.0, 0.0, 0.0)",
95,95,0,327.5034,268.4396,1.127864,BlockFire,block,NonFire,30,6,"(-17.0, 2.0, 15.0)","(0.0, 3.0, 18.0)","(0.0, 0.0, 0.0)",
96,96,0,331.1788,272.115,2.368526,BlockFire,block,NonFire,30,6,"(-17.0, 2.0, 15.0)","(-17.0, 1.0, 9.0)","(0.0, 0.0, 0.0)",
97,97,0,333.3789,274.3151,2.368526,BlockFire,block,NonFire,30,6,"(-17.0, 2.0, 15.0)","(3.0, 3.0, 17.0)","(0.0, 0.0, 0.0)",
98,98,0,336.5302,277.4663,1.233006,BlockFire,block,NonFire,30,6,"(-17.0, 2.0, 15.0)","(-15.0, 4.0, 0.0)","(0.0, 0.0, 0.0)",
99,99,0,338.986,279.9221,1.233006,BlockFire,block,NonFire,30,6,"(-17.0, 2.0, 15.0)","(13.0, 2.0, 16.0)","(0.0, 0.0, 0.0)",
100,100,0,341.3212,282.2574,2.32341,BlockFire,block,NonFire,30,6,"(-17.0, 2.0, 15.0)","(-6.0, 3.0, 8.0)","(0.0, 0.0, 0.0)",
101,101,0,343.3542,284.2904,1.85528,BlockFire,block,NonFire,30,6,"(-17.0, 2.0, 15.0)","(3.0, 2.0, 15.0)","(0.0, 0.0, 0.0)",
102,102,0,345.8443,286.7805,1.334034,BlockFire,none,NonFire,30,6,"(-17.0, 2.0, 15.0)","(1.0, 3.0, 4.0)","(0.0, 0.0, 0.0)",
103,103,0,347.6658,288.602,0.6030481,BlockFire,none,NonFire,30,6,"(-17.0, 2.0, 15.0)","(-10.0, 3.0, 11.0)","(0.0, 0.0, 0.0)",
104,104,0,349.6201,290.5563,0.6030481,BlockFire,trial,NonFire,30,6,"(-17.0, 2.0, 15.0)","(-14.0, 2.0, 19.0)","(13.0, 4.0, 6.0)",
105,105,0,353.8755,294.8117,3.417718,BlockFire,block,NonFire,30,6,"(-17.0, 2.0, 15.0)","(16.0, 3.0, 0.0)","(0.0, 0.0, 0.0)",
106,106,0,356.5116,297.4478,3.417718,BlockFire,trial,NonFire,30,6,"(-17.0, 2.0, 15.0)","(10.0, 2.0, 9.0)","(-15.0, 3.0, 6.0)",
107,107,0,359.0141,299.9502,0.1111039,BlockFire,block,NonFire,30,6,"(-17.0, 2.0, 15.0)","(-10.0, 3.0, 5.0)","(0.0, 0.0, 0.0)",
108,108,0,362.8339,303.7701,1.35209,BlockFire,block,NonFire,30,6,"(-17.0, 2.0, 15.0)","(18.0, 3.0, 12.0)","(0.0, 0.0, 0.0)",
109,109,0,365.3917,306.3279,0.8153273,BlockFire,none,NonFire,30,6,"(-17.0, 2.0, 15.0)","(17.0, 4.0, 18.0)","(0.0, 0.0, 0.0)",
110,110,0,366.8113,307.7475,0.2590156,BlockFire,none,NonFire,30,6,"(-17.0, 2.0, 15.0)","(2.0, 1.0, 10.0)","(0.0, 0.0, 0.0)",
111,111,0,368.3744,309.3106,0.4255658,BlockFire,none,NonFire,30,6,"(-17.0, 2.0, 15.0)","(5.0, 1.0, 8.0)","(0.0, 0.0, 0.0)",
112,112,0,369.8484,310.7845,0.4255658,BlockFire,block,NonFire,30,6,"(-17.0, 2.0, 15.0)","(3.0, 3.0, 8.0)","(0.0, 0.0, 0.0)",
113,113,0,372.5862,313.5223,0.4472071,BlockFire,block,NonFire,30,6,"(-17.0, 2.0, 15.0)","(-11.0, 4.0, 18.0)","(0.0, 0.0, 0.0)",
114,114,0,376.0818,317.018,1.005577,BlockFire,block,NonFire,30,6,"(-17.0, 2.0, 15.0)","(10.0, 1.0, 3.0)","(0.0, 0.0, 0.0)",
115,115,0,378.1147,319.0509,1.005577,BlockFire,block,NonFire,30,6,"(-17.0, 2.0, 15.0)","(-2.0, 2.0, 10.0)","(0.0, 0.0, 0.0)",
116,116,0,380.6054,321.5416,2.04488,BlockFire,block,NonFire,30,6,"(-17.0, 2.0, 15.0)","(-12.0, 2.0, 15.0)","(0.0, 0.0, 0.0)",
117,117,0,382.8061,323.7423,2.110776,BlockFire,block,NonFire,30,6,"(-17.0, 2.0, 15.0)","(-7.0, 3.0, 15.0)","(0.0, 0.0, 0.0)",
118,118,0,386.726,327.6621,4.302835,BlockFire,none,NonFire,30,6,"(-17.0, 2.0, 15.0)","(-18.0, 4.0, 3.0)","(0.0, 0.0, 0.0)",
119,119,0,388.5037,329.4398,0.4801052,BlockFire,none,NonFire,30,6,"(-17.0, 2.0, 15.0)","(-8.0, 4.0, 14.0)","(0.0, 0.0, 0.0)",
120,120,0,389.9899,330.9261,0.4801052,BlockFire,block,NonFire,30,6,"(-17.0, 2.0, 15.0)","(-8.0, 3.0, 16.0)","(0.0, 0.0, 0.0)",
121,121,0,392.7799,333.7161,0.4913898,BlockFire,block,NonFire,30,6,"(-17.0, 2.0, 15.0)","(-19.0, 1.0, 8.0)","(0.0, 0.0, 0.0)",
122,122,0,395.3382,336.2743,0.06716881,BlockFire,block,Fire,30,6,"(-17.0, 2.0, 15.0)","(-17.0, 1.0, 13.0)","(0.0, 0.0, 0.0)",
123,123,0,397.9736,338.9097,0.1560614,BlockFire,block,NonFire,30,6,"(-17.0, 2.0, 15.0)","(-8.0, 1.0, 2.0)","(0.0, 0.0, 0.0)",
124,124,0,400.4983,341.4344,0.7622741,BlockFire,none,NonFire,30,6,"(-17.0, 2.0, 15.0)","(-5.0, 4.0, 12.0)","(0.0, 0.0, 0.0)",
125,125,0,403.1579,344.094,0.8498509,BlockFire,block,NonFire,30,6,"(-17.0, 2.0, 15.0)","(0.0, 4.0, 1.0)","(0.0, 0.0, 0.0)",
126,126,0,405.5249,346.461,0.8498509,BlockFire,block,NonFire,30,6,"(-17.0, 2.0, 15.0)","(17.0, 3.0, 15.0)","(0.0, 0.0, 0.0)",
127,127,0,407.8369,348.7731,0.9355088,BlockFire,none,NonFire,30,6,"(-17.0, 2.0, 15.0)","(11.0, 3.0, 19.0)","(0.0, 0.0, 0.0)",
128,128,0,409.5348,350.4709,0.9355088,BlockFire,block,NonFire,30,6,"(-17.0, 2.0, 15.0)","(14.0, 1.0, 15.0)","(0.0, 0.0, 0.0)",
129,129,0,413.3992,354.3354,2.682771,BlockFire,block,NonFire,30,6,"(-17.0, 2.0, 15.0)","(-20.0, 3.0, 6.0)","(0.0, 0.0, 0.0)",
130,130,0,415.7559,356.692,0.6024386,BlockFire,none,NonFire,30,6,"(-17.0, 2.0, 15.0)","(4.0, 1.0, 12.0)","(0.0, 0.0, 0.0)",
131,131,0,417.3873,358.3234,0.5497359,BlockFire,none,NonFire,30,6,"(-17.0, 2.0, 15.0)","(9.0, 4.0, 16.0)","(0.0, 0.0, 0.0)",
132,132,0,419.6762,360.6123,1.151457,BlockFire,none,NonFire,30,6,"(-17.0, 2.0, 15.0)","(-10.0, 3.0, 0.0)","(0.0, 0.0, 0.0)",
133,133,0,422.4798,363.416,0.9062757,BlockFire,block,NonFire,30,6,"(-17.0, 2.0, 15.0)","(10.0, 2.0, 0.0)","(0.0, 0.0, 0.0)",
134,134,0,425.283,366.2192,0.3363089,BlockFire,block,NonFire,30,6,"(-17.0, 2.0, 15.0)","(-14.0, 4.0, 6.0)","(0.0, 0.0, 0.0)",
135,135,0,429.1923,370.1285,1.441654,BlockFire,block,NonFire,30,6,"(-17.0, 2.0, 15.0)","(-9.0, 2.0, 1.0)","(0.0, 0.0, 0.0)",
136,136,0,431.7726,372.7088,0.07816973,BlockFire,block,NonFire,30,6,"(-17.0, 2.0, 15.0)","(-14.0, 1.0, 13.0)","(0.0, 0.0, 0.0)",
137,137,0,433.9959,374.9321,0.07816973,BlockFire,block,NonFire,30,6,"(-17.0, 2.0, 15.0)","(6.0, 1.0, 6.0)","(0.0, 0.0, 0.0)",
138,138,0,436.5752,377.5114,0.1340771,BlockFire,block,NonFire,30,6,"(-17.0, 2.0, 15.0)","(15.0, 2.0, 17.0)","(0.0, 0.0, 0.0)",
139,139,0,438.7299,379.666,0.1340771,BlockFire,block,NonFire,30,6,"(-17.0, 2.0, 15.0)","(1.0, 1.0, 19.0)","(0.0, 0.0, 0.0)",
140,140,0,441.4007,382.3369,0.4461901,BlockFire,block,NonFire,30,6,"(-17.0, 2.0, 15.0)","(15.0, 3.0, 17.0)","(0.0, 0.0, 0.0)",
141,141,0,443.7237,384.6599,0.5140985,BlockFire,none,NonFire,30,6,"(-17.0, 2.0, 15.0)","(-10.0, 3.0, 13.0)","(0.0, 0.0, 0.0)",
142,142,0,446.7385,387.6747,1.161013,BlockFire,block,NonFire,30,6,"(-17.0, 2.0, 15.0)","(-19.0, 1.0, 11.0)","(0.0, 0.0, 0.0)",
143,143,0,448.7173,389.6534,0.2240392,BlockFire,none,NonFire,30,6,"(-17.0, 2.0, 15.0)","(-1.0, 2.0, 10.0)","(0.0, 0.0, 0.0)",
144,144,0,450.4027,391.3389,0.2240392,BlockFire,block,NonFire,30,6,"(-17.0, 2.0, 15.0)","(-9.0, 1.0, 14.0)","(0.0, 0.0, 0.0)",
145,145,0,452.6699,393.606,2.122518,BlockFire,block,NonFire,30,6,"(-17.0, 2.0, 15.0)","(8.0, 3.0, 18.0)","(0.0, 0.0, 0.0)",
146,146,0,456.8592,397.7954,3.173786,BlockFire,trial,NonFire,30,6,"(-17.0, 2.0, 15.0)","(10.0, 4.0, 2.0)","(-7.0, 2.0, 15.0)",
147,147,0,459.1942,400.1304,3.173786,BlockFire,block,NonFire,30,6,"(-17.0, 2.0, 15.0)","(3.0, 1.0, 6.0)","(0.0, 0.0, 0.0)",
148,148,0,463.2146,404.1508,2.947375,BlockFire,block,NonFire,30,6,"(-17.0, 2.0, 15.0)","(9.0, 1.0, 3.0)","(0.0, 0.0, 0.0)",
149,149,0,466.8669,407.8031,1.151991,BlockFire,block,NonFire,30,6,"(-17.0, 2.0, 15.0)","(-16.0, 2.0, 1.0)","(0.0, 0.0, 0.0)",
150,150,0,469.3691,410.3052,1.151991,BlockFire,block,NonFire,30,6,"(-17.0, 2.0, 15.0)","(-6.0, 4.0, 16.0)","(0.0, 0.0, 0.0)",
151,151,0,473.3337,414.2698,4.315151,BlockFire,none,NonFire,30,6,"(-17.0, 2.0, 15.0)","(19.0, 4.0, 6.0)","(0.0, 0.0, 0.0)",
152,152,0,476.015,416.9511,0.5710533,BlockFire,block,Fire,30,6,"(-17.0, 2.0, 15.0)","(-17.0, 4.0, 16.0)","(0.0, 0.0, 0.0)",
153,153,0,481.567,422.5032,2.916319,BlockFire,trial,Fire,30,6,"(-17.0, 2.0, 15.0)","(-3.0, 1.0, 9.0)","(-1.0, 4.0, 9.0)",
154,154,0,485.0845,426.0207,0.9379576,BlockFire,block,NonFire,30,6,"(-17.0, 2.0, 15.0)","(16.0, 2.0, 12.0)","(0.0, 0.0, 0.0)",
155,155,0,487.5861,428.5223,0.1883908,BlockFire,block,Fire,30,6,"(-17.0, 2.0, 15.0)","(-16.0, 4.0, 14.0)","(0.0, 0.0, 0.0)",
156,156,0,489.8213,430.7574,0.1883908,BlockFire,block,NonFire,30,6,"(-17.0, 2.0, 15.0)","(-5.0, 4.0, 10.0)","(0.0, 0.0, 0.0)",
157,157,0,492.2675,433.2037,2.200696,BlockFire,block,NonFire,30,6,"(-17.0, 2.0, 15.0)","(-4.0, 2.0, 14.0)","(0.0, 0.0, 0.0)",
158,158,0,495.7985,436.7346,1.787337,BlockFire,trial,NonFire,30,6,"(-17.0, 2.0, 15.0)","(8.0, 4.0, 1.0)","(16.0, 4.0, 0.0)",
159,159,0,499.0268,439.963,1.787255,BlockFire,none,NonFire,30,6,"(-17.0, 2.0, 15.0)","(18.0, 1.0, 11.0)","(0.0, 0.0, 0.0)",
160,160,0,500.8346,441.7707,1.787255,BlockFire,block,NonFire,30,6,"(-17.0, 2.0, 15.0)","(9.0, 2.0, 14.0)","(0.0, 0.0, 0.0)",
161,161,0,503.1289,444.0651,2.205158,BlockFire,trial,NonFire,30,6,"(-17.0, 2.0, 15.0)","(2.0, 2.0, 11.0)","(3.0, 3.0, 7.0)",
162,162,0,505.2354,446.1715,1.395951,BlockFire,block,NonFire,30,6,"(-17.0, 2.0, 15.0)","(3.0, 2.0, 16.0)","(0.0, 0.0, 0.0)",
163,163,0,507.3695,448.3057,1.720206,BlockFire,block,NonFire,30,6,"(-17.0, 2.0, 15.0)","(-1.0, 2.0, 7.0)","(0.0, 0.0, 0.0)",
164,164,0,509.9936,450.9297,1.563043,BlockFire,none,NonFire,30,6,"(-17.0, 2.0, 15.0)","(-7.0, 1.0, 19.0)","(0.0, 0.0, 0.0)",
165,165,0,513.2665,454.2027,2.17441,BlockFire,none,NonFire,30,6,"(-17.0, 2.0, 15.0)","(-18.0, 2.0, 2.0)","(0.0, 0.0, 0.0)",
166,166,0,518.0354,458.9713,2.948398,BlockFire,block,Fire,30,6,"(-17.0, 2.0, 15.0)","(-18.0, 3.0, 15.0)","(0.0, 0.0, 0.0)",
167,167,0,521.8676,462.8026,1.295045,BlockFire,block,NonFire,30,6,"(-17.0, 2.0, 15.0)","(-10.0, 3.0, 7.0)","(0.0, 0.0, 0.0)",
168,168,0,527.0275,467.9633,2.636059,BlockFire,block,NonFire,30,6,"(-17.0, 2.0, 15.0)","(8.0, 3.0, 0.0)","(0.0, 0.0, 0.0)",
169,169,0,529.987,470.923,0.212525,BlockFire,block,NonFire,30,6,"(-17.0, 2.0, 15.0)","(-11.0, 3.0, 7.0)","(0.0, 0.0, 0.0)",
170,170,0,532.9684,473.9041,0.3453994,BlockFire,block,NonFire,30,6,"(-17.0, 2.0, 15.0)","(-19.0, 2.0, 17.0)","(0.0, 0.0, 0.0)",
171,171,0,535.2378,476.1735,0.3453994,BlockFire,block,NonFire,30,6,"(-17.0, 2.0, 15.0)","(-8.0, 4.0, 12.0)","(0.0, 0.0, 0.0)",
172,172,0,537.8959,478.8318,1.833698,BlockFire,none,NonFire,30,6,"(-17.0, 2.0, 15.0)","(-10.0, 2.0, 1.0)","(0.0, 0.0, 0.0)",
173,173,0,540.2409,481.1764,0.4801684,BlockFire,block,Fire,30,6,"(-17.0, 2.0, 15.0)","(-18.0, 4.0, 13.0)","(0.0, 0.0, 0.0)",
174,174,0,542.8101,483.7453,0.9157214,BlockFire,none,NonFire,30,6,"(-17.0, 2.0, 15.0)","(-14.0, 1.0, 8.0)","(0.0, 0.0, 0.0)",
175,175,0,544.2515,485.1868,0.9157214,BlockFire,block,NonFire,30,6,"(-17.0, 2.0, 15.0)","(0.0, 2.0, 16.0)","(0.0, 0.0, 0.0)",
176,176,0,546.3727,487.3083,1.652338,BlockFire,block,NonFire,30,6,"(-17.0, 2.0, 15.0)","(2.0, 1.0, 13.0)","(0.0, 0.0, 0.0)",
177,177,0,549.0765,490.0124,0.4029974,BlockFire,block,Fire,30,6,"(-17.0, 2.0, 15.0)","(-16.0, 1.0, 14.0)","(0.0, 0.0, 0.0)",
178,178,0,552.9081,493.8436,2.044746,BlockFire,none,NonFire,30,6,"(-17.0, 2.0, 15.0)","(-18.0, 2.0, 0.0)","(0.0, 0.0, 0.0)",
179,179,0,555.046,495.9818,0.01169996,BlockFire,trial,NonFire,30,6,"(-17.0, 2.0, 15.0)","(-1.0, 3.0, 13.0)","(1.0, 4.0, 8.0)",
180,180,0,557.1515,498.0877,0.01169996,BlockFire,block,NonFire,30,6,"(-17.0, 2.0, 15.0)","(2.0, 2.0, 11.0)","(0.0, 0.0, 0.0)",
181,181,0,561.0389,501.9757,2.233767,BlockFire,block,NonFire,30,6,"(-17.0, 2.0, 15.0)","(10.0, 4.0, 9.0)","(0.0, 0.0, 0.0)",
182,182,0,564.8318,505.7686,2.052808,BlockFire,none,NonFire,30,6,"(-17.0, 2.0, 15.0)","(3.0, 4.0, 1.0)","(0.0, 0.0, 0.0)",
183,183,0,567.2944,508.2305,0.2569281,BlockFire,trial,NonFire,30,6,"(-17.0, 2.0, 15.0)","(10.0, 2.0, 8.0)","(11.0, 4.0, 5.0)",
184,184,0,569.9745,510.9106,0.8377498,BlockFire,none,NonFire,30,6,"(-17.0, 2.0, 15.0)","(-7.0, 4.0, 17.0)","(0.0, 0.0, 0.0)",
185,185,0,572.3654,513.3012,0.5366296,BlockFire,block,NonFire,30,6,"(-17.0, 2.0, 15.0)","(-13.0, 1.0, 1.0)","(0.0, 0.0, 0.0)",
186,186,0,575.9253,516.8611,0.8795574,BlockFire,trial,NonFire,30,6,"(-17.0, 2.0, 15.0)","(18.0, 1.0, 10.0)","(-13.0, 2.0, 16.0)",
187,187,0,578.252,519.1879,0.8795574,BlockFire,block,NonFire,30,6,"(-17.0, 2.0, 15.0)","(-6.0, 1.0, 6.0)","(0.0, 0.0, 0.0)",
188,188,0,581.9721,522.908,2.456675,BlockFire,block,NonFire,30,6,"(-17.0, 2.0, 15.0)","(7.0, 4.0, 4.0)","(0.0, 0.0, 0.0)",
189,189,0,584.7971,525.7329,0.2328375,BlockFire,trial,Fire,30,6,"(-17.0, 2.0, 15.0)","(-12.0, 2.0, 17.0)","(-11.0, 4.0, 16.0)",
190,190,0,587.758,528.6938,0.5466038,BlockFire,trial,NonFire,30,6,"(-17.0, 2.0, 15.0)","(14.0, 3.0, 9.0)","(-17.0, 4.0, 1.0)",
191,191,0,590.0475,530.9833,0.5466038,BlockFire,block,NonFire,30,6,"(-17.0, 2.0, 15.0)","(6.0, 2.0, 13.0)","(0.0, 0.0, 0.0)",
192,192,0,593.0304,533.9662,0.9598242,BlockFire,block,NonFire,30,6,"(-17.0, 2.0, 15.0)","(-20.0, 1.0, 1.0)","(0.0, 0.0, 0.0)",
193,193,0,595.2531,536.189,0.9598242,BlockFire,block,NonFire,30,6,"(-17.0, 2.0, 15.0)","(4.0, 4.0, 16.0)","(0.0, 0.0, 0.0)",
194,194,0,597.4307,538.3666,1.841826,BlockFire,block,NonFire,30,6,"(-17.0, 2.0, 15.0)","(-4.0, 3.0, 15.0)","(0.0, 0.0, 0.0)",
195,195,0,599.5538,540.4896,1.809904,BlockFire,block,NonFire,30,6,"(-17.0, 2.0, 15.0)","(2.0, 3.0, 8.0)","(0.0, 0.0, 0.0)",
196,196,0,602.0565,542.9923,2.125963,BlockFire,block,NonFire,30,6,"(-17.0, 2.0, 15.0)","(-1.0, 4.0, 3.0)","(0.0, 0.0, 0.0)",
197,197,0,606.8914,547.8272,6.468321,BlockFire,trial,NonFire,30,6,"(-17.0, 2.0, 15.0)","(-13.0, 2.0, 13.0)","(17.0, 2.0, 3.0)",
198,198,0,609.9513,550.8871,0.4134238,BlockFire,trial,NonFire,30,6,"(-17.0, 2.0, 15.0)","(-13.0, 4.0, 1.0)","(-1.0, 1.0, 8.0)",
199,199,0,613.5821,554.5179,1.150557,BlockFire,block,NonFire,30,6,"(-17.0, 2.0, 15.0)","(14.0, 2.0, 5.0)","(0.0, 0.0, 0.0)",
200,200,0,615.8372,556.7731,1.150557,BlockFire,block,NonFire,30,6,"(-17.0, 2.0, 15.0)","(-6.0, 1.0, 6.0)","(0.0, 0.0, 0.0)",
201,201,0,618.0279,558.9637,1.978385,BlockFire,block,NonFire,30,6,"(-17.0, 2.0, 15.0)","(-5.0, 4.0, 14.0)","(0.0, 0.0, 0.0)",
202,202,0,620.3032,561.239,1.029353,BlockFire,none,NonFire,30,6,"(-17.0, 2.0, 15.0)","(7.0, 2.0, 6.0)","(0.0, 0.0, 0.0)",
203,203,0,622.4268,563.3627,0.06559528,BlockFire,trial,NonFire,30,6,"(-17.0, 2.0, 15.0)","(-18.0, 1.0, 11.0)","(-4.0, 3.0, 8.0)",
204,204,0,626.4266,567.3624,1.541851,BlockFire,block,NonFire,30,6,"(-17.0, 2.0, 15.0)","(19.0, 2.0, 15.0)","(0.0, 0.0, 0.0)",
205,205,0,630.7056,571.6414,1.653715,BlockFire,trial,NonFire,30,6,"(-17.0, 2.0, 15.0)","(-11.0, 3.0, 2.0)","(-6.0, 1.0, 14.0)",
206,206,0,633.1056,574.0414,1.653715,BlockFire,block,NonFire,30,6,"(-17.0, 2.0, 15.0)","(-12.0, 4.0, 10.0)","(0.0, 0.0, 0.0)",
207,207,0,635.5749,576.5107,2.43521,BlockFire,block,NonFire,30,6,"(-17.0, 2.0, 15.0)","(10.0, 4.0, 11.0)","(0.0, 0.0, 0.0)",
208,208,0,638.9363,579.8722,4.826198,BlockFire,none,NonFire,30,6,"(-17.0, 2.0, 15.0)","(15.0, 1.0, 3.0)","(0.0, 0.0, 0.0)",
209,209,0,641.2145,582.1503,0.3233671,BlockFire,block,NonFire,30,6,"(-17.0, 2.0, 15.0)","(15.0, 3.0, 11.0)","(0.0, 0.0, 0.0)",
210,210,0,644.9834,585.9193,1.993998,BlockFire,none,NonFire,30,6,"(-17.0, 2.0, 15.0)","(17.0, 4.0, 5.0)","(0.0, 0.0, 0.0)",
211,211,0,646.6094,587.5453,0.4584207,BlockFire,none,NonFire,30,6,"(-17.0, 2.0, 15.0)","(-5.0, 4.0, 17.0)","(0.0, 0.0, 0.0)",
212,212,0,650.0604,590.9963,1.327681,BlockFire,block,NonFire,30,6,"(-17.0, 2.0, 15.0)","(13.0, 2.0, 1.0)","(0.0, 0.0, 0.0)",
213,213,0,652.6972,593.6331,0.1671627,BlockFire,block,NonFire,30,6,"(-17.0, 2.0, 15.0)","(-7.0, 4.0, 4.0)","(0.0, 0.0, 0.0)",
214,214,0,656.1716,597.1074,0.9171593,BlockFire,trial,Fire,30,6,"(-17.0, 2.0, 15.0)","(4.0, 4.0, 3.0)","(5.0, 2.0, 4.0)",
215,215,0,658.4504,599.3863,0.9171593,BlockFire,block,NonFire,30,6,"(-17.0, 2.0, 15.0)","(11.0, 2.0, 16.0)","(0.0, 0.0, 0.0)",
216,216,0,662.1483,603.0842,2.457083,BlockFire,block,NonFire,30,6,"(-17.0, 2.0, 15.0)","(-15.0, 4.0, 13.0)","(0.0, 0.0, 0.0)",
217,217,0,664.8213,605.7571,0.2493046,BlockFire,block,Fire,30,6,"(-17.0, 2.0, 15.0)","(-17.0, 3.0, 13.0)","(0.0, 0.0, 0.0)",
218,218,0,667.7999,608.7357,0.5377094,BlockFire,block,NonFire,30,6,"(-17.0, 2.0, 15.0)","(-13.0, 3.0, 0.0)","(0.0, 0.0, 0.0)",
219,219,0,670.2126,611.1484,0.5377094,BlockFire,trial,NonFire,30,6,"(-17.0, 2.0, 15.0)","(-7.0, 3.0, 10.0)","(-17.0, 4.0, 14.0)",
220,220,0,672.9714,613.9073,0.24763,BlockFire,trial,NonFire,30,6,"(-17.0, 2.0, 15.0)","(19.0, 3.0, 14.0)","(-12.0, 3.0, 10.0)",
221,221,0,676.8258,617.7617,1.306265,BlockFire,block,NonFire,30,6,"(-17.0, 2.0, 15.0)","(16.0, 2.0, 3.0)","(0.0, 0.0, 0.0)",
222,222,0,679.092,620.0279,1.306265,BlockFire,block,NonFire,30,6,"(-17.0, 2.0, 15.0)","(-9.0, 1.0, 13.0)","(0.0, 0.0, 0.0)",
223,223,0,681.1702,622.106,1.842213,BlockFire,block,NonFire,30,6,"(-17.0, 2.0, 15.0)","(2.0, 4.0, 10.0)","(0.0, 0.0, 0.0)",
224,224,0,683.4039,624.3397,1.899518,BlockFire,trial,NonFire,30,6,"(-17.0, 2.0, 15.0)","(4.0, 1.0, 17.0)","(-20.0, 1.0, 8.0)",
225,225,0,685.3034,626.2393,1.887636,BlockFire,block,NonFire,30,6,"(-17.0, 2.0, 15.0)","(4.0, 2.0, 6.0)","(0.0, 0.0, 0.0)",
226,226,0,687.7034,628.6393,2.044298,BlockFire,block,NonFire,30,6,"(-17.0, 2.0, 15.0)","(8.0, 2.0, 8.0)","(0.0, 0.0, 0.0)",
227,227,0,690.4066,631.3425,0.537119,BlockFire,block,Fire,30,6,"(-17.0, 2.0, 15.0)","(-17.0, 4.0, 14.0)","(0.0, 0.0, 0.0)",
228,228,0,693.7238,634.6596,0.881542,BlockFire,block,NonFire,30,6,"(-17.0, 2.0, 15.0)","(14.0, 1.0, 3.0)","(0.0, 0.0, 0.0)",
229,229,0,696.2474,637.1832,0.04573765,BlockFire,block,NonFire,30,6,"(-17.0, 2.0, 15.0)","(-15.0, 2.0, 14.0)","(0.0, 0.0, 0.0)",
230,230,0,698.4156,639.3515,0.04573765,BlockFire,block,NonFire,30,6,"(-17.0, 2.0, 15.0)","(6.0, 1.0, 7.0)","(0.0, 0.0, 0.0)",
231,231,0,700.7061,641.642,2.023714,BlockFire,block,NonFire,30,6,"(-17.0, 2.0, 15.0)","(-4.0, 4.0, 7.0)","(0.0, 0.0, 0.0)",
232,232,0,703.0624,643.9982,2.145017,BlockFire,block,NonFire,30,6,"(-17.0, 2.0, 15.0)","(-14.0, 1.0, 19.0)","(0.0, 0.0, 0.0)",
233,233,0,705.6871,646.6229,0.06725221,BlockFire,trial,Fire,30,6,"(-17.0, 2.0, 15.0)","(-16.0, 4.0, 13.0)","(-17.0, 3.0, 13.0)",
234,234,0,708.1122,649.048,0.6930648,BlockFire,none,NonFire,30,6,"(-17.0, 2.0, 15.0)","(-16.0, 1.0, 12.0)","(0.0, 0.0, 0.0)",
235,235,0,710.2439,651.1797,0.2684838,BlockFire,block,NonFire,30,6,"(-17.0, 2.0, 15.0)","(-7.0, 2.0, 1.0)","(0.0, 0.0, 0.0)",
236,236,0,712.4008,653.3366,0.4179276,BlockFire,none,NonFire,30,6,"(-17.0, 2.0, 15.0)","(-8.0, 1.0, 13.0)","(0.0, 0.0, 0.0)",
237,237,0,715.5844,656.5203,1.306355,BlockFire,block,NonFire,30,6,"(-17.0, 2.0, 15.0)","(-12.0, 3.0, 0.0)","(0.0, 0.0, 0.0)",
238,238,0,718.8785,659.8143,0.8726462,BlockFire,block,NonFire,30,6,"(-17.0, 2.0, 15.0)","(11.0, 2.0, 7.0)","(0.0, 0.0, 0.0)",
239,239,0,721.3026,662.2385,0.8726462,BlockFire,trial,NonFire,30,6,"(-17.0, 2.0, 15.0)","(12.0, 2.0, 9.0)","(-4.0, 3.0, 18.0)",
240,240,0,724.162,665.0978,2.210188,BlockFire,none,NonFire,30,6,"(-17.0, 2.0, 15.0)","(-13.0, 3.0, 2.0)","(0.0, 0.0, 0.0)",
241,241,0,725.894,666.8299,2.210188,BlockFire,trial,NonFire,30,6,"(-17.0, 2.0, 15.0)","(0.0, 4.0, 16.0)","(-2.0, 3.0, 9.0)",
242,242,0,728.6188,669.5547,1.765629,BlockFire,none,Fire,30,6,"(-17.0, 2.0, 15.0)","(-14.0, 3.0, 9.0)","(0.0, 0.0, 0.0)",
243,243,0,730.3725,671.3083,1.765629,BlockFire,block,NonFire,30,6,"(-17.0, 2.0, 15.0)","(11.0, 1.0, 18.0)","(0.0, 0.0, 0.0)",
244,244,0,732.6968,673.6326,0.06747229,BlockFire,block,NonFire,30,6,"(-17.0, 2.0, 15.0)","(-5.0, 2.0, 2.0)","(0.0, 0.0, 0.0)",
245,245,0,736.5946,677.5305,1.45263,BlockFire,block,NonFire,30,6,"(-17.0, 2.0, 15.0)","(11.0, 2.0, 6.0)","(0.0, 0.0, 0.0)",
246,246,0,739.878,680.8138,0.6483642,BlockFire,block,NonFire,30,6,"(-17.0, 2.0, 15.0)","(-19.0, 4.0, 4.0)","(0.0, 0.0, 0.0)",
247,247,0,742.0215,682.9574,0.6483642,BlockFire,block,NonFire,30,6,"(-17.0, 2.0, 15.0)","(-4.0, 2.0, 16.0)","(0.0, 0.0, 0.0)",
248,248,0,745.2168,686.1526,0.6711345,BlockFire,trial,Fire,30,6,"(-17.0, 2.0, 15.0)","(-17.0, 1.0, 6.0)","(-17.0, 1.0, 5.0)",
249,249,0,748.7577,689.6935,0.6042132,BlockFire,trial,NonFire,30,6,"(-17.0, 2.0, 15.0)","(18.0, 1.0, 8.0)","(-5.0, 3.0, 16.0)",
250,250,0,751.0037,691.9395,0.6042132,BlockFire,trial,NonFire,30,6,"(-17.0, 2.0, 15.0)","(-6.0, 1.0, 9.0)","(-9.0, 1.0, 9.0)",
251,251,0,753.8293,694.7651,0.601802,BlockFire,block,NonFire,30,6,"(-17.0, 2.0, 15.0)","(-4.0, 3.0, 1.0)","(0.0, 0.0, 0.0)",
252,252,0,756.2309,697.1667,0.601802,BlockFire,block,Fire,30,6,"(-17.0, 2.0, 15.0)","(-19.0, 1.0, 16.0)","(0.0, 0.0, 0.0)",
253,253,0,759.6257,700.5616,3.31212,BlockFire,none,Fire,30,6,"(-17.0, 2.0, 15.0)","(9.0, 3.0, 5.0)","(0.0, 0.0, 0.0)",
254,254,0,761.4683,702.4042,3.31212,BlockFire,trial,NonFire,30,6,"(-17.0, 2.0, 15.0)","(-11.0, 4.0, 11.0)","(-9.0, 1.0, 8.0)",
255,255,0,764.9313,705.8671,1.832074,BlockFire,block,NonFire,30,6,"(-17.0, 2.0, 15.0)","(-17.0, 1.0, 4.0)","(0.0, 0.0, 0.0)",
256,256,0,767.1767,708.1125,1.832074,BlockFire,block,NonFire,30,6,"(-17.0, 2.0, 15.0)","(2.0, 3.0, 6.0)","(0.0, 0.0, 0.0)",
257,257,0,769.5668,710.5027,1.341868,BlockFire,none,NonFire,30,6,"(-17.0, 2.0, 15.0)","(16.0, 2.0, 9.0)","(0.0, 0.0, 0.0)",
258,258,0,772.861,713.7969,1.273412,BlockFire,trial,NonFire,30,6,"(-17.0, 2.0, 15.0)","(-18.0, 1.0, 3.0)","(8.0, 2.0, 7.0)",
259,259,0,776.3901,717.326,1.072735,BlockFire,block,NonFire,30,6,"(-17.0, 2.0, 15.0)","(18.0, 1.0, 11.0)","(0.0, 0.0, 0.0)",
260,260,0,778.624,719.5599,1.072735,BlockFire,block,NonFire,30,6,"(-17.0, 2.0, 15.0)","(7.0, 1.0, 5.0)","(0.0, 0.0, 0.0)",
261,261,0,781.0371,721.973,2.17871,BlockFire,block,NonFire,30,6,"(-17.0, 2.0, 15.0)","(-10.0, 1.0, 12.0)","(0.0, 0.0, 0.0)",
262,262,0,784.0532,724.989,1.050236,BlockFire,block,NonFire,30,6,"(-17.0, 2.0, 15.0)","(-13.0, 4.0, 18.0)","(0.0, 0.0, 0.0)",
263,263,0,786.6451,727.581,0.2568899,BlockFire,block,NonFire,30,6,"(-17.0, 2.0, 15.0)","(-12.0, 1.0, 4.0)","(0.0, 0.0, 0.0)",
264,264,0,790.0422,730.978,0.9048623,BlockFire,block,NonFire,30,6,"(-17.0, 2.0, 15.0)","(15.0, 1.0, 9.0)","(0.0, 0.0, 0.0)",
265,265,0,792.7641,733.7,0.9721169,BlockFire,none,NonFire,30,6,"(-17.0, 2.0, 15.0)","(-15.0, 1.0, 4.0)","(0.0, 0.0, 0.0)",
266,266,0,794.6642,735.6001,0.9721169,BlockFire,block,NonFire,30,6,"(-17.0, 2.0, 15.0)","(-10.0, 4.0, 11.0)","(0.0, 0.0, 0.0)",
267,267,0,796.9663,737.9022,2.256683,BlockFire,block,NonFire,30,6,"(-17.0, 2.0, 15.0)","(3.0, 3.0, 15.0)","(0.0, 0.0, 0.0)",
268,268,0,801.1875,742.1234,4.378763,BlockFire,none,Fire,30,6,"(-17.0, 2.0, 15.0)","(-8.0, 2.0, 4.0)","(0.0, 0.0, 0.0)",
269,269,0,803.0419,743.9777,0.6504737,BlockFire,none,NonFire,30,6,"(-17.0, 2.0, 15.0)","(15.0, 3.0, 15.0)","(0.0, 0.0, 0.0)",
270,270,0,804.5841,745.52,0.4476922,BlockFire,none,NonFire,30,6,"(-17.0, 2.0, 15.0)","(11.0, 3.0, 18.0)","(0.0, 0.0, 0.0)",
271,271,0,807.5653,748.5012,1.218029,BlockFire,block,Fire,30,6,"(-17.0, 2.0, 15.0)","(-18.0, 3.0, 13.0)","(0.0, 0.0, 0.0)",
272,272,0,811.765,752.7009,1.698619,BlockFire,block,NonFire,30,6,"(-17.0, 2.0, 15.0)","(-17.0, 1.0, 1.0)","(0.0, 0.0, 0.0)",
273,273,0,815.4169,756.3528,1.218243,BlockFire,block,NonFire,30,6,"(-17.0, 2.0, 15.0)","(-18.0, 1.0, 7.0)","(0.0, 0.0, 0.0)",
274,274,0,817.7422,758.678,0.741242,BlockFire,none,NonFire,30,6,"(-17.0, 2.0, 15.0)","(-17.0, 3.0, 14.0)","(0.0, 0.0, 0.0)",
275,275,0,819.2936,760.2295,0.741242,BlockFire,block,NonFire,30,6,"(-17.0, 2.0, 15.0)","(5.0, 1.0, 10.0)","(0.0, 0.0, 0.0)",
276,276,0,823.3816,764.3174,3.285485,BlockFire,block,NonFire,30,6,"(-17.0, 2.0, 15.0)","(10.0, 4.0, 3.0)","(0.0, 0.0, 0.0)",
277,277,0,826.1983,767.1342,1.033228,BlockFire,none,NonFire,30,6,"(-17.0, 2.0, 15.0)","(-12.0, 2.0, 11.0)","(0.0, 0.0, 0.0)",
278,278,0,829.1802,770.1161,1.8663,BlockFire,none,NonFire,30,6,"(-17.0, 2.0, 15.0)","(-18.0, 4.0, 6.0)","(0.0, 0.0, 0.0)",
279,279,0,832.1058,773.0417,0.9939075,BlockFire,block,NonFire,30,6,"(-17.0, 2.0, 15.0)","(-9.0, 4.0, 4.0)","(0.0, 0.0, 0.0)",
280,280,0,834.8734,775.8093,0.3385869,BlockFire,trial,NonFire,30,6,"(-17.0, 2.0, 15.0)","(9.0, 4.0, 12.0)","(13.0, 4.0, 1.0)",
281,281,0,837.5449,778.4808,0.3911775,BlockFire,block,NonFire,30,6,"(-17.0, 2.0, 15.0)","(-20.0, 4.0, 12.0)","(0.0, 0.0, 0.0)",
282,282,0,841.6657,782.6016,1.664394,BlockFire,block,NonFire,30,6,"(-17.0, 2.0, 15.0)","(19.0, 4.0, 0.0)","(0.0, 0.0, 0.0)",
283,283,0,844.3712,785.3071,0.2564492,BlockFire,block,NonFire,30,6,"(-17.0, 2.0, 15.0)","(-14.0, 4.0, 6.0)","(0.0, 0.0, 0.0)",
284,284,0,848.1931,789.129,2.05637,BlockFire,none,NonFire,30,6,"(-17.0, 2.0, 15.0)","(17.0, 4.0, 3.0)","(0.0, 0.0, 0.0)",
285,285,0,850.1344,791.0703,0.6962656,BlockFire,none,NonFire,30,6,"(-17.0, 2.0, 15.0)","(16.0, 4.0, 12.0)","(0.0, 0.0, 0.0)",
286,286,0,853.3281,794.264,1.316122,BlockFire,block,NonFire,30,6,"(-17.0, 2.0, 15.0)","(19.0, 2.0, 3.0)","(0.0, 0.0, 0.0)",
287,287,0,855.6515,796.5873,0.5708617,BlockFire,none,NonFire,30,6,"(-17.0, 2.0, 15.0)","(17.0, 4.0, 17.0)","(0.0, 0.0, 0.0)",
288,288,0,857.1866,798.1225,0.5708617,BlockFire,block,NonFire,30,6,"(-17.0, 2.0, 15.0)","(-2.0, 2.0, 5.0)","(0.0, 0.0, 0.0)",
289,289,0,859.3151,800.2509,1.732339,BlockFire,block,NonFire,30,6,"(-17.0, 2.0, 15.0)","(-2.0, 3.0, 18.0)","(0.0, 0.0, 0.0)",
290,290,0,861.7737,802.7096,2.011278,BlockFire,block,NonFire,30,6,"(-17.0, 2.0, 15.0)","(-7.0, 1.0, 5.0)","(0.0, 0.0, 0.0)",
291,291,0,865.2584,806.1943,2.123914,BlockFire,block,NonFire,30,6,"(-17.0, 2.0, 15.0)","(-17.0, 2.0, 10.0)","(0.0, 0.0, 0.0)",
292,292,0,867.581,808.5168,2.123914,BlockFire,trial,NonFire,30,6,"(-17.0, 2.0, 15.0)","(1.0, 2.0, 6.0)","(-10.0, 1.0, 15.0)",
293,293,0,870.307,811.2429,2.40215,BlockFire,trial,NonFire,30,6,"(-17.0, 2.0, 15.0)","(-17.0, 2.0, 7.0)","(-1.0, 2.0, 11.0)",
294,294,0,872.5632,813.4991,1.968574,BlockFire,block,NonFire,30,6,"(-17.0, 2.0, 15.0)","(-3.0, 4.0, 4.0)","(0.0, 0.0, 0.0)",
295,295,0,874.6503,815.5862,1.896693,BlockFire,block,NonFire,30,6,"(-17.0, 2.0, 15.0)","(-1.0, 3.0, 16.0)","(0.0, 0.0, 0.0)",
296,296,0,878.1261,819.062,1.967195,BlockFire,block,NonFire,30,6,"(-17.0, 2.0, 15.0)","(-7.0, 2.0, 6.0)","(0.0, 0.0, 0.0)",
297,297,0,880.2274,821.1632,1.967195,BlockFire,block,NonFire,30,6,"(-17.0, 2.0, 15.0)","(4.0, 3.0, 19.0)","(0.0, 0.0, 0.0)",
298,298,0,882.8758,823.8116,0.3437992,BlockFire,block,NonFire,30,6,"(-17.0, 2.0, 15.0)","(-9.0, 2.0, 16.0)","(0.0, 0.0, 0.0)",
299,299,0,884.9852,825.9211,0.3437992,BlockFire,block,NonFire,30,6,"(-17.0, 2.0, 15.0)","(-6.0, 1.0, 13.0)","(0.0, 0.0, 0.0)",
300,300,0,887.2642,828.2001,1.955104,BlockFire,block,NonFire,30,6,"(-17.0, 2.0, 15.0)","(16.0, 3.0, 18.0)","(0.0, 0.0, 0.0)",
301,301,0,890.8268,831.7627,2.25853,BlockFire,block,NonFire,30,6,"(-17.0, 2.0, 15.0)","(-9.0, 1.0, 5.0)","(0.0, 0.0, 0.0)",
302,302,0,894.4127,835.3485,1.764737,BlockFire,none,NonFire,30,6,"(-17.0, 2.0, 15.0)","(15.0, 4.0, 8.0)","(0.0, 0.0, 0.0)",
303,303,0,896.7118,837.6476,0.3450748,BlockFire,trial,NonFire,30,6,"(-17.0, 2.0, 15.0)","(7.0, 1.0, 2.0)","(-4.0, 4.0, 18.0)",
304,304,0,899.5383,840.4742,0.1903182,BlockFire,block,NonFire,30,6,"(-17.0, 2.0, 15.0)","(-15.0, 2.0, 4.0)","(0.0, 0.0, 0.0)",
305,305,0,902.642,843.5779,0.4902366,BlockFire,trial,NonFire,30,6,"(-17.0, 2.0, 15.0)","(-12.0, 1.0, 0.0)","(-1.0, 2.0, 9.0)",
306,306,0,906.4412,847.3771,1.349201,BlockFire,block,NonFire,30,6,"(-17.0, 2.0, 15.0)","(13.0, 4.0, 10.0)","(0.0, 0.0, 0.0)",
307,307,0,908.8542,849.79,1.349201,BlockFire,block,NonFire,30,6,"(-17.0, 2.0, 15.0)","(-15.0, 1.0, 10.0)","(0.0, 0.0, 0.0)",
308,308,0,912.2941,853.2299,1.944625,BlockFire,block,NonFire,30,6,"(-17.0, 2.0, 15.0)","(17.0, 1.0, 8.0)","(0.0, 0.0, 0.0)",
309,309,0,916.0582,856.9941,1.283286,BlockFire,block,NonFire,30,6,"(-17.0, 2.0, 15.0)","(-6.0, 4.0, 4.0)","(0.0, 0.0, 0.0)",
310,310,0,918.7177,859.6535,0.30189,BlockFire,block,NonFire,30,6,"(-17.0, 2.0, 15.0)","(-19.0, 1.0, 9.0)","(0.0, 0.0, 0.0)",
311,311,0,921.201,862.1368,0.30189,BlockFire,trial,NonFire,30,6,"(-17.0, 2.0, 15.0)","(-7.0, 4.0, 5.0)","(-8.0, 1.0, 15.0)",
312,312,0,923.9447,864.8806,0.6481926,BlockFire,block,Fire,30,6,"(-17.0, 2.0, 15.0)","(-19.0, 4.0, 15.0)","(0.0, 0.0, 0.0)",
313,313,0,925.9672,866.903,0.6481926,BlockFire,block,NonFire,30,6,"(-17.0, 2.0, 15.0)","(1.0, 2.0, 10.0)","(0.0, 0.0, 0.0)",
314,314,0,928.871,869.8069,0.5373426,BlockFire,trial,NonFire,30,6,"(-17.0, 2.0, 15.0)","(-12.0, 3.0, 7.0)","(-10.0, 4.0, 15.0)",
315,315,0,930.8691,871.805,0.5373426,BlockFire,block,NonFire,30,6,"(-17.0, 2.0, 15.0)","(3.0, 1.0, 10.0)","(0.0, 0.0, 0.0)",
316,316,0,933.8859,874.8217,2.548441,BlockFire,none,NonFire,30,6,"(-17.0, 2.0, 15.0)","(-15.0, 4.0, 13.0)","(0.0, 0.0, 0.0)",
317,317,0,936.8237,877.7595,1.217401,BlockFire,trial,NonFire,30,6,"(-17.0, 2.0, 15.0)","(19.0, 3.0, 16.0)","(-20.0, 1.0, 12.0)",
318,318,0,939.7173,880.6531,0.4926518,BlockFire,block,NonFire,30,6,"(-17.0, 2.0, 15.0)","(-17.0, 3.0, 0.0)","(0.0, 0.0, 0.0)",
319,319,0,941.7491,882.6849,0.4926518,BlockFire,block,NonFire,30,6,"(-17.0, 2.0, 15.0)","(-1.0, 3.0, 15.0)","(0.0, 0.0, 0.0)",
320,320,0,944.6538,885.5897,0.8981708,BlockFire,block,NonFire,30,6,"(-17.0, 2.0, 15.0)","(-20.0, 2.0, 8.0)","(0.0, 0.0, 0.0)",
321,321,0,946.8755,887.8113,0.8981708,BlockFire,block,NonFire,30,6,"(-17.0, 2.0, 15.0)","(-9.0, 1.0, 11.0)","(0.0, 0.0, 0.0)",
322,322,0,949.501,890.4368,0.4032291,BlockFire,block,Fire,30,6,"(-17.0, 2.0, 15.0)","(-16.0, 3.0, 15.0)","(0.0, 0.0, 0.0)",
323,323,0,951.5786,892.5144,0.4032291,BlockFire,block,NonFire,30,6,"(-17.0, 2.0, 15.0)","(-2.0, 2.0, 15.0)","(0.0, 0.0, 0.0)",
324,324,0,954.3595,895.2953,0.4248184,BlockFire,block,NonFire,30,6,"(-17.0, 2.0, 15.0)","(-20.0, 2.0, 3.0)","(0.0, 0.0, 0.0)",
325,325,0,958.1901,899.1259,1.373561,BlockFire,block,NonFire,30,6,"(-17.0, 2.0, 15.0)","(9.0, 4.0, 0.0)","(0.0, 0.0, 0.0)",
326,326,0,960.3568,901.2927,0.4239779,BlockFire,none,NonFire,30,6,"(-17.0, 2.0, 15.0)","(8.0, 3.0, 19.0)","(0.0, 0.0, 0.0)",
327,327,0,964.0098,904.9456,1.653177,BlockFire,block,NonFire,30,6,"(-17.0, 2.0, 15.0)","(4.0, 4.0, 1.0)","(0.0, 0.0, 0.0)",
328,328,0,966.4901,907.426,0.7040932,BlockFire,none,NonFire,30,6,"(-17.0, 2.0, 15.0)","(-12.0, 2.0, 10.0)","(0.0, 0.0, 0.0)",
329,329,0,969.1713,910.1071,0.6588414,BlockFire,block,Fire,30,6,"(-17.0, 2.0, 15.0)","(-19.0, 2.0, 16.0)","(0.0, 0.0, 0.0)",
330,330,0,971.3363,912.2722,0.6588414,BlockFire,block,NonFire,30,6,"(-17.0, 2.0, 15.0)","(-4.0, 4.0, 5.0)","(0.0, 0.0, 0.0)",
331,331,0,974.7953,915.7311,1.998951,BlockFire,block,NonFire,30,6,"(-17.0, 2.0, 15.0)","(7.0, 3.0, 2.0)","(0.0, 0.0, 0.0)",
332,332,0,977.738,918.6739,0.4579353,BlockFire,block,NonFire,30,6,"(-17.0, 2.0, 15.0)","(-18.0, 3.0, 11.0)","(0.0, 0.0, 0.0)",
333,333,0,980.1841,921.1199,0.7747415,BlockFire,none,NonFire,30,6,"(-17.0, 2.0, 15.0)","(-11.0, 4.0, 17.0)","(0.0, 0.0, 0.0)",
334,334,0,981.9037,922.8396,0.7747415,BlockFire,block,NonFire,30,6,"(-17.0, 2.0, 15.0)","(11.0, 2.0, 10.0)","(0.0, 0.0, 0.0)",
335,335,0,983.8143,924.7501,0.7409998,BlockFire,none,Fire,30,6,"(-17.0, 2.0, 15.0)","(4.0, 1.0, 7.0)","(0.0, 0.0, 0.0)",
336,336,0,985.2227,926.1585,0.7409998,BlockFire,block,NonFire,30,6,"(-17.0, 2.0, 15.0)","(2.0, 2.0, 11.0)","(0.0, 0.0, 0.0)",
337,337,0,988.1488,929.0847,2.368449,BlockFire,none,NonFire,30,6,"(-17.0, 2.0, 15.0)","(-11.0, 2.0, 0.0)","(0.0, 0.0, 0.0)",
338,338,0,989.8577,930.7936,0.5587984,BlockFire,none,NonFire,30,6,"(-17.0, 2.0, 15.0)","(-6.0, 3.0, 9.0)","(0.0, 0.0, 0.0)",
339,339,0,992.8288,933.7646,1.843068,BlockFire,none,NonFire,30,6,"(-17.0, 2.0, 15.0)","(5.0, 3.0, 1.0)","(0.0, 0.0, 0.0)",
340,340,0,994.675,935.6108,1.843068,BlockFire,block,NonFire,30,6,"(-17.0, 2.0, 15.0)","(11.0, 1.0, 8.0)","(0.0, 0.0, 0.0)",
341,341,0,997.6309,938.5667,2.390792,BlockFire,none,NonFire,30,6,"(-17.0, 2.0, 15.0)","(-20.0, 3.0, 7.0)","(0.0, 0.0, 0.0)",
342,342,0,1000.771,941.7064,1.866158,BlockFire,none,NonFire,30,6,"(-17.0, 2.0, 15.0)","(-19.0, 3.0, 0.0)","(0.0, 0.0, 0.0)",
343,343,0,1002.42,943.3556,1.866158,BlockFire,block,NonFire,30,6,"(-17.0, 2.0, 15.0)","(-1.0, 3.0, 9.0)","(0.0, 0.0, 0.0)",
344,344,0,1006.045,946.9809,3.501228,BlockFire,none,NonFire,30,6,"(-17.0, 2.0, 15.0)","(19.0, 3.0, 6.0)","(0.0, 0.0, 0.0)",
345,345,0,1009.327,950.2628,1.374216,BlockFire,block,NonFire,30,6,"(-17.0, 2.0, 15.0)","(-16.0, 4.0, 0.0)","(0.0, 0.0, 0.0)",
346,346,0,1011.281,952.2164,1.374216,BlockFire,block,NonFire,30,6,"(-17.0, 2.0, 15.0)","(-1.0, 3.0, 4.0)","(0.0, 0.0, 0.0)",
347,347,0,1013.907,954.8427,0.3102549,BlockFire,block,NonFire,30,6,"(-17.0, 2.0, 15.0)","(-18.0, 3.0, 17.0)","(0.0, 0.0, 0.0)",
348,348,0,1016.453,957.3885,0.05700613,BlockFire,block,NonFire,30,6,"(-17.0, 2.0, 15.0)","(-14.0, 3.0, 7.0)","(0.0, 0.0, 0.0)",
349,349,0,1020.219,961.1544,1.285515,BlockFire,block,NonFire,30,6,"(-17.0, 2.0, 15.0)","(-15.0, 4.0, 0.0)","(0.0, 0.0, 0.0)",
350,350,0,1023.322,964.2581,1.362595,BlockFire,none,Fire,30,6,"(-17.0, 2.0, 15.0)","(-7.0, 1.0, 4.0)","(0.0, 0.0, 0.0)",
351,351,0,1026.804,967.7393,1.695921,BlockFire,trial,Fire,30,6,"(-17.0, 2.0, 15.0)","(-15.0, 1.0, 0.0)","(-16.0, 1.0, 1.0)",
352,352,0,1029.042,969.977,0.6486782,BlockFire,none,Fire,30,6,"(-17.0, 2.0, 15.0)","(-11.0, 2.0, 14.0)","(0.0, 0.0, 0.0)",
353,353,0,1030.732,971.6656,0.6486782,BlockFire,block,NonFire,30,6,"(-17.0, 2.0, 15.0)","(-4.0, 1.0, 15.0)","(0.0, 0.0, 0.0)",
354,354,0,1032.729,973.6623,0.4693828,BlockFire,none,NonFire,30,6,"(-17.0, 2.0, 15.0)","(-1.0, 1.0, 7.0)","(0.0, 0.0, 0.0)",
355,355,0,1034.325,975.2583,0.4693828,BlockFire,block,NonFire,30,6,"(-17.0, 2.0, 15.0)","(5.0, 2.0, 10.0)","(0.0, 0.0, 0.0)",
356,356,0,1036.358,977.2914,0.5134425,BlockFire,none,NonFire,30,6,"(-17.0, 2.0, 15.0)","(4.0, 2.0, 15.0)","(0.0, 0.0, 0.0)",
357,357,0,1038.168,979.1016,0.5134425,BlockFire,block,NonFire,30,6,"(-17.0, 2.0, 15.0)","(-14.0, 4.0, 17.0)","(0.0, 0.0, 0.0)",
358,358,0,1040.557,981.4915,0.8949525,BlockFire,none,Fire,30,6,"(-17.0, 2.0, 15.0)","(11.0, 1.0, 19.0)","(0.0, 0.0, 0.0)",
359,359,0,1043.496,984.4296,1.105588,BlockFire,block,NonFire,30,6,"(-17.0, 2.0, 15.0)","(16.0, 3.0, 7.0)","(0.0, 0.0, 0.0)",
360,360,0,1045.909,986.8423,1.105588,BlockFire,block,NonFire,30,6,"(-17.0, 2.0, 15.0)","(4.0, 4.0, 15.0)","(0.0, 0.0, 0.0)",
361,361,0,1048.177,989.1094,2.212753,BlockFire,trial,NonFire,30,6,"(-17.0, 2.0, 15.0)","(-3.0, 3.0, 12.0)","(-19.0, 4.0, 9.0)",
362,362,0,1050.768,991.7008,0.5148539,BlockFire,block,Fire,30,6,"(-17.0, 2.0, 15.0)","(-18.0, 4.0, 15.0)","(0.0, 0.0, 0.0)",
363,363,0,1053.538,994.471,0.5148539,BlockFire,trial,NonFire,30,6,"(-17.0, 2.0, 15.0)","(-18.0, 1.0, 8.0)","(-8.0, 2.0, 7.0)",
364,364,0,1055.627,996.5588,1.850987,BlockFire,block,NonFire,30,6,"(-17.0, 2.0, 15.0)","(-2.0, 4.0, 15.0)","(0.0, 0.0, 0.0)",
365,365,0,1057.722,998.6544,1.709016,BlockFire,block,NonFire,30,6,"(-17.0, 2.0, 15.0)","(1.0, 4.0, 19.0)","(0.0, 0.0, 0.0)",
366,366,0,1060.305,1001.238,0.1563311,BlockFire,block,NonFire,30,6,"(-17.0, 2.0, 15.0)","(-12.0, 2.0, 16.0)","(0.0, 0.0, 0.0)",
367,367,0,1062.953,1003.886,0.8171243,BlockFire,none,NonFire,30,6,"(-17.0, 2.0, 15.0)","(12.0, 2.0, 15.0)","(0.0, 0.0, 0.0)",
368,368,0,1064.928,1005.862,0.1106047,BlockFire,block,NonFire,30,6,"(-17.0, 2.0, 15.0)","(14.0, 3.0, 2.0)","(0.0, 0.0, 0.0)",
369,369,0,1068.961,1009.894,1.523478,BlockFire,block,NonFire,30,6,"(-17.0, 2.0, 15.0)","(13.0, 4.0, 1.0)","(0.0, 0.0, 0.0)",
370,370,0,1071.419,1012.352,1.523478,BlockFire,block,NonFire,30,6,"(-17.0, 2.0, 15.0)","(16.0, 1.0, 11.0)","(0.0, 0.0, 0.0)",
371,371,0,1074.03,1014.962,0.2257815,BlockFire,block,NonFire,30,6,"(-17.0, 2.0, 15.0)","(18.0, 1.0, 19.0)","(0.0, 0.0, 0.0)",
372,372,0,1076.536,1017.469,0.03324403,BlockFire,block,Fire,30,6,"(-17.0, 2.0, 15.0)","(-18.0, 3.0, 13.0)","(0.0, 0.0, 0.0)",
373,373,0,1080.682,1021.613,1.676826,BlockFire,block,NonFire,30,6,"(-17.0, 2.0, 15.0)","(-18.0, 1.0, 3.0)","(0.0, 0.0, 0.0)",
374,374,0,1086.222,1027.153,2.937957,BlockFire,trial,NonFire,30,6,"(-17.0, 2.0, 15.0)","(8.0, 2.0, 17.0)","(6.0, 3.0, 17.0)",
375,375,0,1090.144,1031.075,1.351158,BlockFire,block,NonFire,30,6,"(-17.0, 2.0, 15.0)","(-15.0, 1.0, 10.0)","(0.0, 0.0, 0.0)",
376,376,0,1094.12,1035.051,1.597087,BlockFire,block,NonFire,30,6,"(-17.0, 2.0, 15.0)","(9.0, 1.0, 0.0)","(0.0, 0.0, 0.0)",
377,377,0,1096.487,1037.418,1.597087,BlockFire,trial,NonFire,30,6,"(-17.0, 2.0, 15.0)","(5.0, 3.0, 7.0)","(17.0, 1.0, 18.0)",
378,378,0,1098.743,1039.674,1.029397,BlockFire,none,NonFire,30,6,"(-17.0, 2.0, 15.0)","(-10.0, 3.0, 12.0)","(0.0, 0.0, 0.0)",
379,379,0,1100.352,1041.284,1.029397,BlockFire,block,NonFire,30,6,"(-17.0, 2.0, 15.0)","(-3.0, 1.0, 10.0)","(0.0, 0.0, 0.0)",
380,380,0,1103.937,1044.868,1.810586,BlockFire,block,NonFire,30,6,"(-17.0, 2.0, 15.0)","(13.0, 3.0, 6.0)","(0.0, 0.0, 0.0)",
381,381,0,1106.672,1047.603,0.1991752,BlockFire,trial,Fire,30,6,"(-17.0, 2.0, 15.0)","(-4.0, 3.0, 4.0)","(-2.0, 4.0, 4.0)",
382,382,0,1110.795,1051.727,1.653695,BlockFire,block,Fire,30,6,"(-17.0, 2.0, 15.0)","(-16.0, 4.0, 16.0)","(0.0, 0.0, 0.0)",
383,383,0,1113.309,1054.24,1.653695,BlockFire,block,NonFire,30,6,"(-17.0, 2.0, 15.0)","(-5.0, 3.0, 18.0)","(0.0, 0.0, 0.0)",
384,384,0,1116.803,1057.734,3.552238,BlockFire,none,NonFire,30,6,"(-17.0, 2.0, 15.0)","(8.0, 2.0, 2.0)","(0.0, 0.0, 0.0)",
385,385,0,1118.513,1059.444,3.552238,BlockFire,block,NonFire,30,6,"(-17.0, 2.0, 15.0)","(-4.0, 2.0, 16.0)","(0.0, 0.0, 0.0)",
386,386,0,1121.271,1062.202,0.4470609,BlockFire,block,NonFire,30,6,"(-17.0, 2.0, 15.0)","(-10.0, 2.0, 9.0)","(0.0, 0.0, 0.0)",
387,387,0,1124.142,1065.073,0.4470609,BlockFire,trial,NonFire,30,6,"(-17.0, 2.0, 15.0)","(18.0, 2.0, 19.0)","(-5.0, 4.0, 4.0)",
388,388,0,1126.766,1067.697,0.2679291,BlockFire,block,NonFire,30,6,"(-17.0, 2.0, 15.0)","(19.0, 2.0, 15.0)","(0.0, 0.0, 0.0)",
389,389,0,1128.8,1069.731,0.2679291,BlockFire,block,NonFire,30,6,"(-17.0, 2.0, 15.0)","(2.0, 3.0, 19.0)","(0.0, 0.0, 0.0)",
390,390,0,1132.218,1073.149,1.728215,BlockFire,trial,NonFire,30,6,"(-17.0, 2.0, 15.0)","(14.0, 4.0, 4.0)","(18.0, 4.0, 14.0)",
391,391,0,1134.474,1075.405,1.728215,BlockFire,block,NonFire,30,6,"(-17.0, 2.0, 15.0)","(-6.0, 1.0, 18.0)","(0.0, 0.0, 0.0)",
392,392,0,1136.54,1077.471,1.809633,BlockFire,block,NonFire,30,6,"(-17.0, 2.0, 15.0)","(-3.0, 3.0, 15.0)","(0.0, 0.0, 0.0)",
393,393,0,1139.576,1080.507,0.9395016,BlockFire,block,NonFire,30,6,"(-17.0, 2.0, 15.0)","(-8.0, 4.0, 4.0)","(0.0, 0.0, 0.0)",
394,394,0,1141.981,1082.912,0.9395016,BlockFire,trial,NonFire,30,6,"(-17.0, 2.0, 15.0)","(9.0, 3.0, 10.0)","(11.0, 2.0, 8.0)",
395,395,0,1144.363,1085.294,2.162714,BlockFire,trial,NonFire,30,6,"(-17.0, 2.0, 15.0)","(7.0, 4.0, 12.0)","(-18.0, 3.0, 2.0)",
396,396,0,1147.173,1088.104,0.2001565,BlockFire,block,NonFire,30,6,"(-17.0, 2.0, 15.0)","(11.0, 2.0, 8.0)","(0.0, 0.0, 0.0)",
397,397,0,1150.089,1091.02,1.161515,BlockFire,none,NonFire,30,6,"(-17.0, 2.0, 15.0)","(-18.0, 2.0, 18.0)","(0.0, 0.0, 0.0)",
398,398,0,1153.082,1094.013,1.082571,BlockFire,block,NonFire,30,6,"(-17.0, 2.0, 15.0)","(-7.0, 2.0, 2.0)","(0.0, 0.0, 0.0)",
399,399,0,1156.69,1097.621,1.127716,BlockFire,trial,NonFire,30,6,"(-17.0, 2.0, 15.0)","(7.0, 4.0, 2.0)","(-4.0, 1.0, 2.0)",
400,400,0,1158.655,1099.586,0.3129885,BlockFire,none,NonFire,30,6,"(-17.0, 2.0, 15.0)","(-4.0, 1.0, 13.0)","(0.0, 0.0, 0.0)",
401,401,0,1160.599,1101.53,0.3129885,BlockFire,block,NonFire,30,6,"(-17.0, 2.0, 15.0)","(-10.0, 3.0, 7.0)","(0.0, 0.0, 0.0)",
402,402,0,1162.598,1103.53,1.985804,BlockFire,block,NonFire,30,6,"(-17.0, 2.0, 15.0)","(0.0, 2.0, 8.0)","(0.0, 0.0, 0.0)",
403,403,0,1164.971,1105.902,1.89366,BlockFire,trial,NonFire,30,6,"(-17.0, 2.0, 15.0)","(4.0, 3.0, 10.0)","(-2.0, 1.0, 7.0)",
404,404,0,1167.589,1108.521,0.3123716,BlockFire,block,Fire,30,6,"(-17.0, 2.0, 15.0)","(-16.0, 3.0, 15.0)","(0.0, 0.0, 0.0)",
405,405,0,1169.754,1110.686,0.3123716,BlockFire,block,NonFire,30,6,"(-17.0, 2.0, 15.0)","(4.0, 3.0, 3.0)","(0.0, 0.0, 0.0)",
406,406,0,1172.579,1113.511,0.7670196,BlockFire,block,NonFire,30,6,"(-17.0, 2.0, 15.0)","(16.0, 1.0, 7.0)","(0.0, 0.0, 0.0)",
407,407,0,1176.203,1117.134,0.9270172,BlockFire,block,NonFire,30,6,"(-17.0, 2.0, 15.0)","(-20.0, 2.0, 6.0)","(0.0, 0.0, 0.0)",
408,408,0,1178.782,1119.714,0.08837957,BlockFire,block,NonFire,30,6,"(-17.0, 2.0, 15.0)","(-3.0, 1.0, 16.0)","(0.0, 0.0, 0.0)",
409,409,0,1181.052,1121.983,0.08837957,BlockFire,block,NonFire,30,6,"(-17.0, 2.0, 15.0)","(8.0, 1.0, 14.0)","(0.0, 0.0, 0.0)",
410,410,0,1185.118,1126.05,3.107284,BlockFire,block,NonFire,30,6,"(-17.0, 2.0, 15.0)","(15.0, 3.0, 6.0)","(0.0, 0.0, 0.0)",
411,411,0,1187.708,1128.639,0.2122975,BlockFire,block,NonFire,30,6,"(-17.0, 2.0, 15.0)","(8.0, 3.0, 2.0)","(0.0, 0.0, 0.0)",
412,412,0,1190.275,1131.206,0.2327349,BlockFire,block,NonFire,30,6,"(-17.0, 2.0, 15.0)","(7.0, 4.0, 2.0)","(0.0, 0.0, 0.0)",
413,413,0,1192.521,1133.452,0.2327349,BlockFire,block,NonFire,30,6,"(-17.0, 2.0, 15.0)","(-6.0, 3.0, 11.0)","(0.0, 0.0, 0.0)",
414,414,0,1194.8,1135.731,2.177517,BlockFire,block,NonFire,30,6,"(-17.0, 2.0, 15.0)","(14.0, 1.0, 18.0)","(0.0, 0.0, 0.0)",
415,415,0,1197.079,1138.01,2.104815,BlockFire,block,NonFire,30,6,"(-17.0, 2.0, 15.0)","(-2.0, 2.0, 10.0)","(0.0, 0.0, 0.0)",
416,416,0,1199.671,1140.602,2.189032,BlockFire,trial,NonFire,30,6,"(-17.0, 2.0, 15.0)","(4.0, 3.0, 9.0)","(-16.0, 4.0, 14.0)",
417,417,0,1202.156,1143.087,2.407091,BlockFire,trial,NonFire,30,6,"(-17.0, 2.0, 15.0)","(-1.0, 4.0, 3.0)","(-10.0, 2.0, 18.0)",
418,418,0,1205.12,1146.051,0.9530933,BlockFire,block,NonFire,30,6,"(-17.0, 2.0, 15.0)","(-19.0, 4.0, 7.0)","(0.0, 0.0, 0.0)",
419,419,0,1207.032,1147.964,0.9530933,BlockFire,block,NonFire,30,6,"(-17.0, 2.0, 15.0)","(1.0, 3.0, 13.0)","(0.0, 0.0, 0.0)",
420,420,0,1209.456,1150.387,1.631389,BlockFire,none,Fire,30,6,"(-17.0, 2.0, 15.0)","(-7.0, 2.0, 1.0)","(0.0, 0.0, 0.0)",
421,421,0,1212.822,1153.753,1.386248,BlockFire,block,Fire,30,6,"(-17.0, 2.0, 15.0)","(-17.0, 3.0, 15.0)","(0.0, 0.0, 0.0)",
422,422,0,1215.589,1156.52,0.1566157,BlockFire,block,NonFire,30,6,"(-17.0, 2.0, 15.0)","(1.0, 3.0, 15.0)","(0.0, 0.0, 0.0)",
423,423,0,1218.738,1159.67,0.4132236,BlockFire,trial,Fire,30,6,"(-17.0, 2.0, 15.0)","(-18.0, 3.0, 13.0)","(-17.0, 1.0, 12.0)",
424,424,0,1220.928,1161.859,0.4153575,BlockFire,none,NonFire,30,6,"(-17.0, 2.0, 15.0)","(5.0, 1.0, 6.0)","(0.0, 0.0, 0.0)",
425,425,0,1224.02,1164.951,1.04906,BlockFire,block,Fire,30,6,"(-17.0, 2.0, 15.0)","(-18.0, 2.0, 13.0)","(0.0, 0.0, 0.0)",
426,426,0,1227.996,1168.927,1.44232,BlockFire,block,NonFire,30,6,"(-17.0, 2.0, 15.0)","(-17.0, 4.0, 8.0)","(0.0, 0.0, 0.0)",
427,427,0,1230.61,1171.541,0.2135034,BlockFire,block,NonFire,30,6,"(-17.0, 2.0, 15.0)","(19.0, 2.0, 15.0)","(0.0, 0.0, 0.0)",
428,428,0,1233.391,1174.322,0.1339943,BlockFire,trial,NonFire,30,6,"(-17.0, 2.0, 15.0)","(-11.0, 1.0, 13.0)","(10.0, 2.0, 13.0)",
429,429,0,1235.536,1176.467,0.1339943,BlockFire,block,NonFire,30,6,"(-17.0, 2.0, 15.0)","(-6.0, 3.0, 19.0)","(0.0, 0.0, 0.0)",
430,430,0,1238.206,1179.137,0.3803052,BlockFire,block,NonFire,30,6,"(-17.0, 2.0, 15.0)","(-10.0, 1.0, 5.0)","(0.0, 0.0, 0.0)",
431,431,0,1241.423,1182.354,0.7141469,BlockFire,block,Fire,30,6,"(-17.0, 2.0, 15.0)","(-17.0, 4.0, 14.0)","(0.0, 0.0, 0.0)",
432,432,0,1244.843,1185.774,1.151094,BlockFire,block,NonFire,30,6,"(-17.0, 2.0, 15.0)","(17.0, 3.0, 8.0)","(0.0, 0.0, 0.0)",
433,433,0,1247.521,1188.453,0.8827533,BlockFire,none,Fire,30,6,"(-17.0, 2.0, 15.0)","(-13.0, 4.0, 19.0)","(0.0, 0.0, 0.0)",
434,434,0,1249.531,1190.462,0.02303484,BlockFire,block,NonFire,30,6,"(-17.0, 2.0, 15.0)","(-20.0, 4.0, 19.0)","(0.0, 0.0, 0.0)",
435,435,0,1253.095,1194.026,1.128324,BlockFire,trial,NonFire,30,6,"(-17.0, 2.0, 15.0)","(16.0, 4.0, 4.0)","(19.0, 3.0, 5.0)",
436,436,0,1255.005,1195.937,1.128324,BlockFire,block,NonFire,30,6,"(-17.0, 2.0, 15.0)","(-4.0, 1.0, 11.0)","(0.0, 0.0, 0.0)",
437,437,0,1257.539,1198.47,0.4447972,BlockFire,block,NonFire,30,6,"(-17.0, 2.0, 15.0)","(-4.0, 2.0, 0.0)","(0.0, 0.0, 0.0)",
438,438,0,1260.991,1201.922,1.709862,BlockFire,none,NonFire,30,6,"(-17.0, 2.0, 15.0)","(5.0, 3.0, 2.0)","(0.0, 0.0, 0.0)",
439,439,0,1262.733,1203.664,1.709862,BlockFire,block,NonFire,30,6,"(-17.0, 2.0, 15.0)","(11.0, 1.0, 12.0)","(0.0, 0.0, 0.0)",
440,440,0,1267.749,1208.68,3.955897,BlockFire,block,NonFire,30,6,"(-17.0, 2.0, 15.0)","(15.0, 4.0, 8.0)","(0.0, 0.0, 0.0)",
441,441,0,1270.72,1211.651,1.151303,BlockFire,none,NonFire,30,6,"(-17.0, 2.0, 15.0)","(-9.0, 2.0, 10.0)","(0.0, 0.0, 0.0)",
442,442,0,1272.653,1213.585,0.05574763,BlockFire,block,NonFire,30,6,"(-17.0, 2.0, 15.0)","(13.0, 1.0, 10.0)","(0.0, 0.0, 0.0)",
443,443,0,1275.434,1216.365,0.9161317,BlockFire,none,NonFire,30,6,"(-17.0, 2.0, 15.0)","(11.0, 3.0, 7.0)","(0.0, 0.0, 0.0)",
444,444,0,1277.042,1217.973,0.4152947,BlockFire,none,NonFire,30,6,"(-17.0, 2.0, 15.0)","(5.0, 1.0, 4.0)","(0.0, 0.0, 0.0)",
445,445,0,1278.942,1219.873,0.4152947,BlockFire,trial,NonFire,30,6,"(-17.0, 2.0, 15.0)","(5.0, 1.0, 7.0)","(-6.0, 3.0, 14.0)",
446,446,0,1283.698,1224.63,4.175933,BlockFire,block,NonFire,30,6,"(-17.0, 2.0, 15.0)","(19.0, 3.0, 2.0)","(0.0, 0.0, 0.0)",
447,447,0,1294.196,1235.128,0.0427481,BlockFire,block,NonFire,30,6,"(-17.0, 2.0, 15.0)","(-4.0, 3.0, 13.0)","(0.0, 0.0, 0.0)",
448,448,0,1296.879,1237.81,0.8600773,BlockFire,none,NonFire,30,6,"(-17.0, 2.0, 15.0)","(-11.0, 3.0, 3.0)","(0.0, 0.0, 0.0)",
449,449,0,1298.344,1239.275,0.2609224,BlockFire,none,NonFire,30,6,"(-17.0, 2.0, 15.0)","(-1.0, 1.0, 17.0)","(0.0, 0.0, 0.0)",
450,450,0,1300.033,1240.964,0.2609224,BlockFire,trial,NonFire,30,6,"(-17.0, 2.0, 15.0)","(-12.0, 3.0, 19.0)","(-10.0, 2.0, 11.0)",
451,451,0,1302.777,1243.708,0.1801853,BlockFire,trial,Fire,30,6,"(-17.0, 2.0, 15.0)","(-6.0, 1.0, 16.0)","(-4.0, 4.0, 17.0)",
452,452,0,1304.798,1245.73,0.1801853,BlockFire,block,NonFire,30,6,"(-17.0, 2.0, 15.0)","(7.0, 1.0, 18.0)","(0.0, 0.0, 0.0)",
453,453,0,1307.199,1248.13,0.0900054,BlockFire,block,NonFire,30,6,"(-17.0, 2.0, 15.0)","(7.0, 4.0, 4.0)","(0.0, 0.0, 0.0)",
454,454,0,1309.792,1250.723,0.8379862,BlockFire,none,NonFire,30,6,"(-17.0, 2.0, 15.0)","(-6.0, 1.0, 18.0)","(0.0, 0.0, 0.0)",
455,455,0,1311.882,1252.813,0.2345329,BlockFire,block,NonFire,30,6,"(-17.0, 2.0, 15.0)","(-12.0, 2.0, 7.0)","(0.0, 0.0, 0.0)",
456,456,0,1314.18,1255.111,0.2345329,BlockFire,block,NonFire,30,6,"(-17.0, 2.0, 15.0)","(-8.0, 3.0, 9.0)","(0.0, 0.0, 0.0)",
457,457,0,1316.653,1257.584,2.2829,BlockFire,block,NonFire,30,6,"(-17.0, 2.0, 15.0)","(5.0, 2.0, 7.0)","(0.0, 0.0, 0.0)",
458,458,0,1318.729,1259.66,2.034165,BlockFire,block,NonFire,30,6,"(-17.0, 2.0, 15.0)","(-3.0, 2.0, 18.0)","(0.0, 0.0, 0.0)",
459,459,0,1321.51,1262.441,0.6038854,BlockFire,block,Fire,30,6,"(-17.0, 2.0, 15.0)","(-19.0, 2.0, 16.0)","(0.0, 0.0, 0.0)",
460,460,0,1323.936,1264.867,0.6038854,BlockFire,block,NonFire,30,6,"(-17.0, 2.0, 15.0)","(-15.0, 1.0, 19.0)","(0.0, 0.0, 0.0)",
461,461,0,1326.078,1267.009,2.055715,BlockFire,block,NonFire,30,6,"(-17.0, 2.0, 15.0)","(5.0, 2.0, 13.0)","(0.0, 0.0, 0.0)",
462,462,0,1331.027,1271.959,4.894066,BlockFire,block,NonFire,30,6,"(-17.0, 2.0, 15.0)","(-16.0, 4.0, 2.0)","(0.0, 0.0, 0.0)",
463,463,0,1333.541,1274.472,4.894066,BlockFire,trial,NonFire,30,6,"(-17.0, 2.0, 15.0)","(7.0, 3.0, 15.0)","(-6.0, 3.0, 16.0)",
464,464,0,1336.188,1277.119,0.0469243,BlockFire,trial,NonFire,30,6,"(-17.0, 2.0, 15.0)","(-8.0, 2.0, 11.0)","(1.0, 2.0, 6.0)",
465,465,0,1339.069,1280,0.3576614,BlockFire,block,NonFire,30,6,"(-17.0, 2.0, 15.0)","(-17.0, 2.0, 4.0)","(0.0, 0.0, 0.0)",
466,466,0,1342.744,1283.675,1.910607,BlockFire,none,NonFire,30,6,"(-17.0, 2.0, 15.0)","(17.0, 2.0, 9.0)","(0.0, 0.0, 0.0)",
467,467,0,1345.803,1286.734,1.810875,BlockFire,none,NonFire,30,6,"(-17.0, 2.0, 15.0)","(4.0, 4.0, 1.0)","(0.0, 0.0, 0.0)",
468,468,0,1347.935,1288.867,0.2994087,BlockFire,block,Fire,30,6,"(-17.0, 2.0, 15.0)","(-17.0, 3.0, 13.0)","(0.0, 0.0, 0.0)",
469,469,0,1350.159,1291.09,0.2994087,BlockFire,block,NonFire,30,6,"(-17.0, 2.0, 15.0)","(7.0, 3.0, 17.0)","(0.0, 0.0, 0.0)",
470,470,0,1352.303,1293.234,0.8230877,BlockFire,none,NonFire,30,6,"(-17.0, 2.0, 15.0)","(9.0, 2.0, 11.0)","(0.0, 0.0, 0.0)",
471,471,0,1353.812,1294.743,0.8230877,BlockFire,block,NonFire,30,6,"(-17.0, 2.0, 15.0)","(3.0, 1.0, 8.0)","(0.0, 0.0, 0.0)",
472,472,0,1356.28,1297.212,0.6742475,BlockFire,none,NonFire,30,6,"(-17.0, 2.0, 15.0)","(5.0, 1.0, 13.0)","(0.0, 0.0, 0.0)",
473,473,0,1357.922,1298.854,0.6742475,BlockFire,block,NonFire,30,6,"(-17.0, 2.0, 15.0)","(-12.0, 1.0, 19.0)","(0.0, 0.0, 0.0)",
474,474,0,1360.021,1300.952,1.943709,BlockFire,block,NonFire,30,6,"(-17.0, 2.0, 15.0)","(4.0, 2.0, 12.0)","(0.0, 0.0, 0.0)",
475,475,0,1362.602,1303.533,0.2007493,BlockFire,block,Fire,30,6,"(-17.0, 2.0, 15.0)","(-18.0, 3.0, 15.0)","(0.0, 0.0, 0.0)",
476,476,0,1365.048,1305.98,0.2007493,BlockFire,trial,NonFire,30,6,"(-17.0, 2.0, 15.0)","(-7.0, 1.0, 7.0)","(-16.0, 2.0, 17.0)",
477,477,0,1367.271,1308.202,0.8288836,BlockFire,none,NonFire,30,6,"(-17.0, 2.0, 15.0)","(-1.0, 3.0, 10.0)","(0.0, 0.0, 0.0)",
478,478,0,1368.879,1309.811,0.8288836,BlockFire,block,NonFire,30,6,"(-17.0, 2.0, 15.0)","(-6.0, 3.0, 12.0)","(0.0, 0.0, 0.0)",
479,479,0,1371.445,1312.376,0.1065325,BlockFire,block,Fire,30,6,"(-17.0, 2.0, 15.0)","(-16.0, 2.0, 16.0)","(0.0, 0.0, 0.0)",
480,480,0,1375.658,1316.589,2.435906,BlockFire,none,NonFire,30,6,"(-17.0, 2.0, 15.0)","(13.0, 3.0, 0.0)","(0.0, 0.0, 0.0)",
481,481,0,1378.139,1319.07,0.591598,BlockFire,block,NonFire,30,6,"(-17.0, 2.0, 15.0)","(-18.0, 2.0, 3.0)","(0.0, 0.0, 0.0)",
482,482,0,1380.451,1321.382,0.591598,BlockFire,block,NonFire,30,6,"(-17.0, 2.0, 15.0)","(8.0, 2.0, 15.0)","(0.0, 0.0, 0.0)",
483,483,0,1384.587,1325.518,2.570869,BlockFire,trial,NonFire,30,6,"(-17.0, 2.0, 15.0)","(17.0, 4.0, 13.0)","(5.0, 2.0, 16.0)",
484,484,0,1387.721,1328.652,0.6779476,BlockFire,block,NonFire,30,6,"(-17.0, 2.0, 15.0)","(-10.0, 3.0, 0.0)","(0.0, 0.0, 0.0)",
485,485,0,1390.001,1330.932,0.6779476,BlockFire,block,NonFire,30,6,"(-17.0, 2.0, 15.0)","(-10.0, 3.0, 16.0)","(0.0, 0.0, 0.0)",
486,486,0,1392.369,1333.3,2.156211,BlockFire,block,NonFire,30,6,"(-17.0, 2.0, 15.0)","(-8.0, 1.0, 13.0)","(0.0, 0.0, 0.0)",
487,487,0,1394.491,1335.422,1.889152,BlockFire,block,NonFire,30,6,"(-17.0, 2.0, 15.0)","(3.0, 2.0, 15.0)","(0.0, 0.0, 0.0)",
488,488,0,1397.227,1338.158,0.6490369,BlockFire,block,Fire,30,6,"(-17.0, 2.0, 15.0)","(-17.0, 4.0, 13.0)","(0.0, 0.0, 0.0)",
489,489,0,1399.875,1340.807,0.2012985,BlockFire,block,NonFire,30,6,"(-17.0, 2.0, 15.0)","(-12.0, 3.0, 18.0)","(0.0, 0.0, 0.0)",
490,490,0,1403.538,1344.469,1.908513,BlockFire,none,NonFire,30,6,"(-17.0, 2.0, 15.0)","(7.0, 4.0, 1.0)","(0.0, 0.0, 0.0)",
491,491,0,1407.335,1348.266,1.920555,BlockFire,block,NonFire,30,6,"(-17.0, 2.0, 15.0)","(14.0, 4.0, 9.0)","(0.0, 0.0, 0.0)",
492,492,0,1410.149,1351.08,0.8818765,BlockFire,none,NonFire,30,6,"(-17.0, 2.0, 15.0)","(10.0, 1.0, 15.0)","(0.0, 0.0, 0.0)",
493,493,0,1412.975,1353.907,0.9838402,BlockFire,trial,Fire,30,6,"(-17.0, 2.0, 15.0)","(16.0, 2.0, 18.0)","(17.0, 1.0, 19.0)",
494,494,0,1414.819,1355.75,0.2701214,BlockFire,none,NonFire,30,6,"(-17.0, 2.0, 15.0)","(0.0, 2.0, 11.0)","(0.0, 0.0, 0.0)",
495,495,0,1416.372,1357.303,0.2701214,BlockFire,block,NonFire,30,6,"(-17.0, 2.0, 15.0)","(-2.0, 4.0, 4.0)","(0.0, 0.0, 0.0)",
496,496,0,1420.225,1361.156,4.229231,BlockFire,none,NonFire,30,6,"(-17.0, 2.0, 15.0)","(16.0, 2.0, 3.0)","(0.0, 0.0, 0.0)",
497,497,0,1422.012,1362.943,4.229231,BlockFire,block,NonFire,30,6,"(-17.0, 2.0, 15.0)","(-8.0, 1.0, 8.0)","(0.0, 0.0, 0.0)",
498,498,0,1424.189,1365.12,1.989135,BlockFire,block,NonFire,30,6,"(-17.0, 2.0, 15.0)","(5.0, 3.0, 5.0)","(0.0, 0.0, 0.0)",
499,499,0,1427.943,1368.874,2.569726,BlockFire,block,NonFire,30,6,"(-17.0, 2.0, 15.0)","(15.0, 1.0, 3.0)","(0.0, 0.0, 0.0)",
500,500,0,1431.427,1372.359,0.9601396,BlockFire,block,NonFire,30,6,"(-17.0, 2.0, 15.0)","(4.0, 2.0, 1.0)","(0.0, 0.0, 0.0)",
501,501,0,1433.759,1374.691,0.5034623,BlockFire,none,NonFire,30,6,"(-17.0, 2.0, 15.0)","(-7.0, 2.0, 12.0)","(0.0, 0.0, 0.0)",
502,502,0,1435.783,1376.714,0.2012171,BlockFire,block,NonFire,30,6,"(-17.0, 2.0, 15.0)","(-11.0, 1.0, 10.0)","(0.0, 0.0, 0.0)",
503,503,0,1438.675,1379.606,0.3906152,BlockFire,block,NonFire,30,6,"(-17.0, 2.0, 15.0)","(-12.0, 4.0, 2.0)","(0.0, 0.0, 0.0)",
504,504,0,1442.329,1383.261,1.910597,BlockFire,none,NonFire,30,6,"(-17.0, 2.0, 15.0)","(14.0, 1.0, 9.0)","(0.0, 0.0, 0.0)",
505,505,0,1444.227,1385.159,0.7053651,BlockFire,none,NonFire,30,6,"(-17.0, 2.0, 15.0)","(-10.0, 2.0, 6.0)","(0.0, 0.0, 0.0)",
506,506,0,1447.678,1388.609,2.347143,BlockFire,none,NonFire,30,6,"(-17.0, 2.0, 15.0)","(-20.0, 2.0, 0.0)","(0.0, 0.0, 0.0)",
507,507,0,1450.088,1391.02,0.2880437,BlockFire,block,Fire,30,6,"(-17.0, 2.0, 15.0)","(-18.0, 4.0, 14.0)","(0.0, 0.0, 0.0)",
508,508,0,1453.72,1394.651,1.061112,BlockFire,trial,NonFire,30,6,"(-17.0, 2.0, 15.0)","(17.0, 3.0, 11.0)","(-3.0, 1.0, 9.0)",
509,509,0,1457.248,1398.179,1.326752,BlockFire,trial,Fire,30,6,"(-17.0, 2.0, 15.0)","(-15.0, 1.0, 0.0)","(-15.0, 2.0, 0.0)",
510,510,0,1459.407,1400.338,1.326752,BlockFire,block,NonFire,30,6,"(-17.0, 2.0, 15.0)","(-8.0, 2.0, 7.0)","(0.0, 0.0, 0.0)",
511,511,0,1462.132,1403.063,0.1546803,BlockFire,trial,NonFire,30,6,"(-17.0, 2.0, 15.0)","(12.0, 2.0, 13.0)","(-13.0, 1.0, 11.0)",
512,512,0,1464.344,1405.276,0.1546803,BlockFire,block,NonFire,30,6,"(-17.0, 2.0, 15.0)","(-5.0, 3.0, 16.0)","(0.0, 0.0, 0.0)",
513,513,0,1468.111,1409.042,2.279177,BlockFire,trial,Fire,30,6,"(-17.0, 2.0, 15.0)","(5.0, 3.0, 3.0)","(4.0, 4.0, 5.0)",
514,514,0,1471.773,1412.704,1.061225,BlockFire,trial,NonFire,30,6,"(-17.0, 2.0, 15.0)","(17.0, 1.0, 0.0)","(16.0, 3.0, 10.0)",
515,515,0,1477.336,1418.267,3.293741,BlockFire,trial,NonFire,30,6,"(-17.0, 2.0, 15.0)","(-20.0, 3.0, 4.0)","(-8.0, 3.0, 0.0)",
516,516,0,1479.703,1420.634,3.293741,BlockFire,block,NonFire,30,6,"(-17.0, 2.0, 15.0)","(-3.0, 3.0, 2.0)","(0.0, 0.0, 0.0)",
517,517,0,1482.004,1422.936,2.258766,BlockFire,trial,NonFire,30,6,"(-17.0, 2.0, 15.0)","(4.0, 2.0, 8.0)","(15.0, 1.0, 16.0)",
518,518,0,1485.455,1426.386,1.719864,BlockFire,block,NonFire,30,6,"(-17.0, 2.0, 15.0)","(14.0, 2.0, 9.0)","(0.0, 0.0, 0.0)",
519,519,0,1488.08,1429.011,0.08927493,BlockFire,block,NonFire,30,6,"(-17.0, 2.0, 15.0)","(14.0, 2.0, 18.0)","(0.0, 0.0, 0.0)",
520,520,0,1490.46,1431.391,0.6934186,BlockFire,none,NonFire,30,6,"(-17.0, 2.0, 15.0)","(-13.0, 2.0, 15.0)","(0.0, 0.0, 0.0)",
521,521,0,1492.268,1433.199,0.6934186,BlockFire,block,NonFire,30,6,"(-17.0, 2.0, 15.0)","(11.0, 2.0, 13.0)","(0.0, 0.0, 0.0)",
522,522,0,1494.826,1435.757,2.390816,BlockFire,block,NonFire,30,6,"(-17.0, 2.0, 15.0)","(-9.0, 2.0, 4.0)","(0.0, 0.0, 0.0)",
523,523,0,1497.114,1438.046,2.234818,BlockFire,trial,Fire,30,6,"(-17.0, 2.0, 15.0)","(-2.0, 3.0, 3.0)","(-3.0, 3.0, 3.0)",
524,524,0,1499.304,1440.235,2.011585,BlockFire,block,NonFire,30,6,"(-17.0, 2.0, 15.0)","(-2.0, 3.0, 13.0)","(0.0, 0.0, 0.0)",
525,525,0,1501.951,1442.882,0.1555298,BlockFire,trial,Fire,30,6,"(-17.0, 2.0, 15.0)","(6.0, 4.0, 9.0)","(5.0, 3.0, 8.0)",
526,526,0,1505.459,1446.391,1.063201,BlockFire,block,NonFire,30,6,"(-17.0, 2.0, 15.0)","(8.0, 3.0, 3.0)","(0.0, 0.0, 0.0)",
527,527,0,1507.662,1448.593,1.063201,BlockFire,block,NonFire,30,6,"(-17.0, 2.0, 15.0)","(8.0, 4.0, 15.0)","(0.0, 0.0, 0.0)",
528,528,0,1511.267,1452.198,1.986215,BlockFire,trial,NonFire,30,6,"(-17.0, 2.0, 15.0)","(7.0, 4.0, 1.0)","(15.0, 4.0, 4.0)",
529,529,0,1514.161,1455.092,0.2017326,BlockFire,trial,NonFire,30,6,"(-17.0, 2.0, 15.0)","(-14.0, 2.0, 14.0)","(-14.0, 3.0, 4.0)",
530,530,0,1516.718,1457.65,0.1225446,BlockFire,block,Fire,30,6,"(-17.0, 2.0, 15.0)","(-16.0, 3.0, 15.0)","(0.0, 0.0, 0.0)",
531,531,0,1518.751,1459.682,0.1225446,BlockFire,block,NonFire,30,6,"(-17.0, 2.0, 15.0)","(-5.0, 2.0, 15.0)","(0.0, 0.0, 0.0)",
532,532,0,1522.717,1463.648,2.525862,BlockFire,block,NonFire,30,6,"(-17.0, 2.0, 15.0)","(-12.0, 4.0, 4.0)","(0.0, 0.0, 0.0)",
533,533,0,1524.906,1465.838,2.525862,BlockFire,block,NonFire,30,6,"(-17.0, 2.0, 15.0)","(5.0, 3.0, 6.0)","(0.0, 0.0, 0.0)",
534,534,0,1527.24,1468.171,2.011206,BlockFire,block,NonFire,30,6,"(-17.0, 2.0, 15.0)","(-11.0, 3.0, 11.0)","(0.0, 0.0, 0.0)",
535,535,0,1529.843,1470.774,1.745905,BlockFire,none,Fire,30,6,"(-17.0, 2.0, 15.0)","(-20.0, 2.0, 4.0)","(0.0, 0.0, 0.0)",
536,536,0,1533.317,1474.248,1.812979,BlockFire,trial,NonFire,30,6,"(-17.0, 2.0, 15.0)","(18.0, 3.0, 3.0)","(-4.0, 4.0, 0.0)",
537,537,0,1536.321,1477.252,0.9051501,BlockFire,block,NonFire,30,6,"(-17.0, 2.0, 15.0)","(6.0, 4.0, 2.0)","(0.0, 0.0, 0.0)",
538,538,0,1538.892,1479.824,0.17905,BlockFire,trial,NonFire,30,6,"(-17.0, 2.0, 15.0)","(-17.0, 3.0, 11.0)","(-15.0, 3.0, 14.0)",
539,539,0,1542.532,1483.463,1.194711,BlockFire,trial,NonFire,30,6,"(-17.0, 2.0, 15.0)","(19.0, 3.0, 5.0)","(9.0, 2.0, 6.0)",
540,540,0,1545.089,1486.021,1.194711,BlockFire,trial,NonFire,30,6,"(-17.0, 2.0, 15.0)","(3.0, 4.0, 17.0)","(12.0, 2.0, 6.0)",
541,541,0,1547.212,1488.143,2.033403,BlockFire,block,NonFire,30,6,"(-17.0, 2.0, 15.0)","(-5.0, 4.0, 12.0)","(0.0, 0.0, 0.0)",
542,542,0,1551.11,1492.041,3.910064,BlockFire,none,NonFire,30,6,"(-17.0, 2.0, 15.0)","(18.0, 2.0, 5.0)","(0.0, 0.0, 0.0)",
543,543,0,1552.919,1493.851,3.910064,BlockFire,block,NonFire,30,6,"(-17.0, 2.0, 15.0)","(2.0, 4.0, 3.0)","(0.0, 0.0, 0.0)",
544,544,0,1555.565,1496.497,0.08659206,BlockFire,block,NonFire,30,6,"(-17.0, 2.0, 15.0)","(-18.0, 3.0, 8.0)","(0.0, 0.0, 0.0)",
545,545,0,1557.755,1498.686,0.4029125,BlockFire,none,NonFire,30,6,"(-17.0, 2.0, 15.0)","(-2.0, 1.0, 18.0)","(0.0, 0.0, 0.0)",
546,546,0,1560.559,1501.49,0.938951,BlockFire,block,NonFire,30,6,"(-17.0, 2.0, 15.0)","(13.0, 1.0, 9.0)","(0.0, 0.0, 0.0)",
547,547,0,1563.05,1503.981,0.739693,BlockFire,none,NonFire,30,6,"(-17.0, 2.0, 15.0)","(-15.0, 4.0, 19.0)","(0.0, 0.0, 0.0)",
548,548,0,1565.585,1506.516,0.6922279,BlockFire,block,NonFire,30,6,"(-17.0, 2.0, 15.0)","(5.0, 4.0, 0.0)","(0.0, 0.0, 0.0)",
549,549,0,1567.585,1508.516,0.6922279,BlockFire,block,NonFire,30,6,"(-17.0, 2.0, 15.0)","(5.0, 3.0, 10.0)","(0.0, 0.0, 0.0)",
550,550,0,1569.975,1510.906,0.511705,BlockFire,none,NonFire,30,6,"(-17.0, 2.0, 15.0)","(-1.0, 1.0, 18.0)","(0.0, 0.0, 0.0)",
551,551,0,1571.36,1512.291,0.511705,BlockFire,block,NonFire,30,6,"(-17.0, 2.0, 15.0)","(-1.0, 3.0, 13.0)","(0.0, 0.0, 0.0)",
552,552,0,1575.526,1516.457,4.758582,BlockFire,none,Fire,30,6,"(-17.0, 2.0, 15.0)","(13.0, 4.0, 9.0)","(0.0, 0.0, 0.0)",
553,553,0,1577.324,1518.256,4.758582,BlockFire,block,NonFire,30,6,"(-17.0, 2.0, 15.0)","(11.0, 3.0, 17.0)","(0.0, 0.0, 0.0)",
554,554,0,1579.805,1520.736,2.413813,BlockFire,block,NonFire,30,6,"(-17.0, 2.0, 15.0)","(-14.0, 1.0, 11.0)","(0.0, 0.0, 0.0)",
555,555,0,1582.352,1523.283,5.093503,BlockFire,block,NonFire,30,6,"(-17.0, 2.0, 15.0)","(-7.0, 3.0, 14.0)","(0.0, 0.0, 0.0)",
556,556,0,1585.141,1526.073,0.1741529,BlockFire,block,NonFire,30,6,"(-17.0, 2.0, 15.0)","(-11.0, 2.0, 18.0)","(0.0, 0.0, 0.0)",
557,557,0,1587.456,1528.387,0.1741529,BlockFire,trial,NonFire,30,6,"(-17.0, 2.0, 15.0)","(-3.0, 3.0, 6.0)","(2.0, 1.0, 11.0)",
558,558,0,1589.745,1530.677,1.945424,BlockFire,block,NonFire,30,6,"(-17.0, 2.0, 15.0)","(12.0, 1.0, 19.0)","(0.0, 0.0, 0.0)",
559,559,0,1592.346,1533.277,0.2237592,BlockFire,block,NonFire,30,6,"(-17.0, 2.0, 15.0)","(-3.0, 3.0, 5.0)","(0.0, 0.0, 0.0)",
560,560,0,1596.068,1536.999,1.183937,BlockFire,block,NonFire,30,6,"(-17.0, 2.0, 15.0)","(12.0, 4.0, 6.0)","(0.0, 0.0, 0.0)",
561,561,0,1598.927,1539.858,0.390918,BlockFire,block,NonFire,30,6,"(-17.0, 2.0, 15.0)","(-15.0, 2.0, 10.0)","(0.0, 0.0, 0.0)",
562,562,0,1601.251,1542.183,0.390918,BlockFire,block,NonFire,30,6,"(-17.0, 2.0, 15.0)","(15.0, 2.0, 19.0)","(0.0, 0.0, 0.0)",
563,563,0,1603.301,1544.233,0.5734779,BlockFire,none,NonFire,30,6,"(-17.0, 2.0, 15.0)","(1.0, 3.0, 9.0)","(0.0, 0.0, 0.0)",
564,564,0,1605.081,1546.012,0.6384505,BlockFire,none,NonFire,30,6,"(-17.0, 2.0, 15.0)","(-11.0, 3.0, 12.0)","(0.0, 0.0, 0.0)",
565,565,0,1606.419,1547.35,0.2000516,BlockFire,none,NonFire,30,6,"(-17.0, 2.0, 15.0)","(-2.0, 1.0, 16.0)","(0.0, 0.0, 0.0)",
566,566,0,1608.6,1549.531,0.3467231,BlockFire,block,NonFire,30,6,"(-17.0, 2.0, 15.0)","(-6.0, 3.0, 1.0)","(0.0, 0.0, 0.0)",
567,567,0,1610.689,1551.62,0.3790702,BlockFire,none,NonFire,30,6,"(-17.0, 2.0, 15.0)","(5.0, 4.0, 17.0)","(0.0, 0.0, 0.0)",
568,568,0,1613.223,1554.154,0.6684288,BlockFire,block,NonFire,30,6,"(-17.0, 2.0, 15.0)","(-17.0, 1.0, 5.0)","(0.0, 0.0, 0.0)",
569,569,0,1616.936,1557.867,1.188308,BlockFire,block,NonFire,30,6,"(-17.0, 2.0, 15.0)","(19.0, 4.0, 8.0)","(0.0, 0.0, 0.0)",
570,570,0,1619.042,1559.974,0.3341639,BlockFire,none,NonFire,30,6,"(-17.0, 2.0, 15.0)","(5.0, 2.0, 16.0)","(0.0, 0.0, 0.0)",
571,571,0,1621.374,1562.305,0.3269299,BlockFire,trial,Fire,30,6,"(-17.0, 2.0, 15.0)","(12.0, 2.0, 16.0)","(14.0, 4.0, 17.0)",
572,572,0,1623.41,1564.341,0.3269299,BlockFire,block,NonFire,30,6,"(-17.0, 2.0, 15.0)","(-2.0, 3.0, 11.0)","(0.0, 0.0, 0.0)",
573,573,0,1626.024,1566.955,0.2463417,BlockFire,block,NonFire,30,6,"(-17.0, 2.0, 15.0)","(-5.0, 1.0, 13.0)","(0.0, 0.0, 0.0)",
574,574,0,1629.676,1570.607,1.206913,BlockFire,block,NonFire,30,6,"(-17.0, 2.0, 15.0)","(9.0, 1.0, 2.0)","(0.0, 0.0, 0.0)",
575,575,0,1632.077,1573.008,1.206913,BlockFire,block,NonFire,30,6,"(-17.0, 2.0, 15.0)","(-10.0, 1.0, 13.0)","(0.0, 0.0, 0.0)",
576,576,0,1634.702,1575.633,0.2235051,BlockFire,block,NonFire,30,6,"(-17.0, 2.0, 15.0)","(7.0, 4.0, 12.0)","(0.0, 0.0, 0.0)",
577,577,0,1637.183,1578.114,0.6952278,BlockFire,none,NonFire,30,6,"(-17.0, 2.0, 15.0)","(-16.0, 2.0, 13.0)","(0.0, 0.0, 0.0)",
578,578,0,1639.428,1580.359,0.3126097,BlockFire,block,NonFire,30,6,"(-17.0, 2.0, 15.0)","(3.0, 4.0, 0.0)","(0.0, 0.0, 0.0)",
579,579,0,1642.758,1583.689,1.578767,BlockFire,none,NonFire,30,6,"(-17.0, 2.0, 15.0)","(19.0, 4.0, 7.0)","(0.0, 0.0, 0.0)",
580,580,0,1644.437,1585.369,1.578767,BlockFire,trial,NonFire,30,6,"(-17.0, 2.0, 15.0)","(3.0, 2.0, 9.0)","(7.0, 1.0, 5.0)",
581,581,0,1646.868,1587.799,1.987842,BlockFire,block,NonFire,30,6,"(-17.0, 2.0, 15.0)","(15.0, 4.0, 10.0)","(0.0, 0.0, 0.0)",
582,582,0,1649.08,1590.011,2.145579,BlockFire,block,NonFire,30,6,"(-17.0, 2.0, 15.0)","(-3.0, 3.0, 7.0)","(0.0, 0.0, 0.0)",
583,583,0,1652.643,1593.574,1.809951,BlockFire,trial,NonFire,30,6,"(-17.0, 2.0, 15.0)","(18.0, 3.0, 10.0)","(-15.0, 3.0, 17.0)",
584,584,0,1655.079,1596.01,1.809951,BlockFire,block,NonFire,30,6,"(-17.0, 2.0, 15.0)","(-7.0, 1.0, 5.0)","(0.0, 0.0, 0.0)",
585,585,0,1658.373,1599.305,1.839352,BlockFire,block,NonFire,30,6,"(-17.0, 2.0, 15.0)","(6.0, 4.0, 5.0)","(0.0, 0.0, 0.0)",
586,586,0,1661.791,1602.722,1.004749,BlockFire,trial,NonFire,30,6,"(-17.0, 2.0, 15.0)","(-16.0, 3.0, 0.0)","(-18.0, 1.0, 7.0)",
587,587,0,1663.98,1604.911,0.4257368,BlockFire,none,NonFire,30,6,"(-17.0, 2.0, 15.0)","(-6.0, 1.0, 10.0)","(0.0, 0.0, 0.0)",
588,588,0,1666.126,1607.057,0.8939936,BlockFire,none,NonFire,30,6,"(-17.0, 2.0, 15.0)","(-14.0, 4.0, 11.0)","(0.0, 0.0, 0.0)",
589,589,0,1667.823,1608.754,0.8939936,BlockFire,block,NonFire,30,6,"(-17.0, 2.0, 15.0)","(7.0, 2.0, 12.0)","(0.0, 0.0, 0.0)",
590,590,0,1671.073,1612.004,1.329689,BlockFire,block,NonFire,30,6,"(-17.0, 2.0, 15.0)","(16.0, 3.0, 2.0)","(0.0, 0.0, 0.0)",
591,591,0,1673.408,1614.339,0.3587249,BlockFire,none,Fire,30,6,"(-17.0, 2.0, 15.0)","(4.0, 2.0, 8.0)","(0.0, 0.0, 0.0)",
592,592,0,1674.961,1615.892,0.3587249,BlockFire,block,NonFire,30,6,"(-17.0, 2.0, 15.0)","(-4.0, 1.0, 10.0)","(0.0, 0.0, 0.0)",
593,593,0,1676.927,1617.858,1.630938,BlockFire,block,NonFire,30,6,"(-17.0, 2.0, 15.0)","(-4.0, 1.0, 17.0)","(0.0, 0.0, 0.0)",
594,594,0,1679.618,1620.549,1.653806,BlockFire,none,NonFire,30,6,"(-17.0, 2.0, 15.0)","(16.0, 4.0, 18.0)","(0.0, 0.0, 0.0)",
595,595,0,1681.941,1622.872,0.3361754,BlockFire,block,Fire,30,6,"(-17.0, 2.0, 15.0)","(-16.0, 2.0, 14.0)","(0.0, 0.0, 0.0)",
596,596,0,1684.443,1625.374,0.07821273,BlockFire,block,NonFire,30,6,"(-17.0, 2.0, 15.0)","(-9.0, 4.0, 15.0)","(0.0, 0.0, 0.0)",
597,597,0,1686.921,1627.853,0.05486125,BlockFire,block,Fire,30,6,"(-17.0, 2.0, 15.0)","(-19.0, 1.0, 16.0)","(0.0, 0.0, 0.0)",
598,598,0,1689.368,1630.299,0.05486125,BlockFire,trial,NonFire,30,6,"(-17.0, 2.0, 15.0)","(14.0, 2.0, 15.0)","(-10.0, 4.0, 6.0)",
599,599,0,1691.903,1632.835,2.390292,BlockFire,block,NonFire,30,6,"(-17.0, 2.0, 15.0)","(-11.0, 4.0, 15.0)","(0.0, 0.0, 0.0)",
600,0,1,1694.461,1.45322,1.434936,None,none,NonFire,36,0,"(-17.0, 2.0, 15.0)","(15.0, 3.0, 14.0)","(0.0, 0.0, 0.0)",
601,1,1,1698.092,5.083659,2.346615,None,none,NonFire,36,0,"(-17.0, 2.0, 15.0)","(-1.0, 4.0, 1.0)","(0.0, 0.0, 0.0)",
602,2,1,1699.611,6.60202,0.2591618,None,none,NonFire,36,0,"(-17.0, 2.0, 15.0)","(2.0, 4.0, 15.0)","(0.0, 0.0, 0.0)",
603,3,1,1701.441,8.431987,0.5935223,None,none,NonFire,36,0,"(-17.0, 2.0, 15.0)","(-14.0, 2.0, 19.0)","(0.0, 0.0, 0.0)",
604,4,1,1702.918,9.908414,0.2458871,None,none,NonFire,36,0,"(-17.0, 2.0, 15.0)","(4.0, 2.0, 8.0)","(0.0, 0.0, 0.0)",
605,5,1,1704.303,11.29334,0.2015404,None,none,NonFire,36,0,"(-17.0, 2.0, 15.0)","(1.0, 1.0, 4.0)","(0.0, 0.0, 0.0)",
606,6,1,1705.978,12.96861,0.470607,None,none,NonFire,36,0,"(-17.0, 2.0, 15.0)","(-9.0, 1.0, 11.0)","(0.0, 0.0, 0.0)",
607,7,1,1709.012,16.00289,1.774396,None,none,NonFire,36,0,"(-17.0, 2.0, 15.0)","(19.0, 4.0, 6.0)","(0.0, 0.0, 0.0)",
608,8,1,1710.872,17.86236,0.3892922,None,none,NonFire,36,0,"(-17.0, 2.0, 15.0)","(-8.0, 1.0, 8.0)","(0.0, 0.0, 0.0)",
609,9,1,1712.345,19.33522,0.2456814,None,none,NonFire,36,0,"(-17.0, 2.0, 15.0)","(-3.0, 1.0, 13.0)","(0.0, 0.0, 0.0)",
610,10,1,1716.2,23.18966,2.647678,None,none,NonFire,36,0,"(-17.0, 2.0, 15.0)","(18.0, 2.0, 15.0)","(0.0, 0.0, 0.0)",
611,11,1,1718.176,25.16535,0.6364191,None,none,NonFire,36,0,"(-17.0, 2.0, 15.0)","(-8.0, 4.0, 9.0)","(0.0, 0.0, 0.0)",
612,12,1,1719.93,26.91936,0.5247414,None,none,NonFire,36,0,"(-17.0, 2.0, 15.0)","(-9.0, 2.0, 14.0)","(0.0, 0.0, 0.0)",
613,13,1,1721.751,28.7403,0.6152347,None,none,NonFire,36,0,"(-17.0, 2.0, 15.0)","(-8.0, 1.0, 16.0)","(0.0, 0.0, 0.0)",
614,14,1,1723.582,30.57171,0.5810368,None,none,NonFire,36,0,"(-17.0, 2.0, 15.0)","(11.0, 2.0, 11.0)","(0.0, 0.0, 0.0)",
615,15,1,1725.079,32.06836,0.2902064,None,none,NonFire,36,0,"(-17.0, 2.0, 15.0)","(-1.0, 3.0, 12.0)","(0.0, 0.0, 0.0)",
616,16,1,1727.28,34.26852,0.9826976,None,none,NonFire,36,0,"(-17.0, 2.0, 15.0)","(18.0, 1.0, 3.0)","(0.0, 0.0, 0.0)",
617,17,1,1728.754,35.74322,0.2231602,None,none,NonFire,36,0,"(-17.0, 2.0, 15.0)","(-2.0, 2.0, 6.0)","(0.0, 0.0, 0.0)",
618,18,1,1730.563,37.55261,0.5814363,None,none,NonFire,36,0,"(-17.0, 2.0, 15.0)","(7.0, 2.0, 4.0)","(0.0, 0.0, 0.0)",
619,19,1,1732.596,39.58562,0.8170136,None,none,NonFire,36,0,"(-17.0, 2.0, 15.0)","(13.0, 3.0, 9.0)","(0.0, 0.0, 0.0)",
620,20,1,1734.202,41.19159,0.4226168,None,none,NonFire,36,0,"(-17.0, 2.0, 15.0)","(-4.0, 3.0, 14.0)","(0.0, 0.0, 0.0)",
621,21,1,1737.153,44.14251,1.732701,None,none,NonFire,36,0,"(-17.0, 2.0, 15.0)","(-5.0, 3.0, 0.0)","(0.0, 0.0, 0.0)",
622,22,1,1739.207,46.19654,0.8487259,None,none,NonFire,36,0,"(-17.0, 2.0, 15.0)","(6.0, 3.0, 5.0)","(0.0, 0.0, 0.0)",
623,23,1,1740.928,47.91799,0.5032697,None,none,NonFire,36,0,"(-17.0, 2.0, 15.0)","(-7.0, 2.0, 12.0)","(0.0, 0.0, 0.0)",
624,24,1,1742.819,49.80735,0.6929116,None,none,NonFire,36,0,"(-17.0, 2.0, 15.0)","(8.0, 1.0, 9.0)","(0.0, 0.0, 0.0)",
625,25,1,1744.751,51.73886,0.7492932,None,none,NonFire,36,0,"(-17.0, 2.0, 15.0)","(4.0, 3.0, 1.0)","(0.0, 0.0, 0.0)",
626,26,1,1746.123,53.1112,0.1559151,None,none,NonFire,36,0,"(-17.0, 2.0, 15.0)","(3.0, 1.0, 5.0)","(0.0, 0.0, 0.0)",
627,27,1,1747.866,54.85458,0.5924231,None,none,NonFire,36,0,"(-17.0, 2.0, 15.0)","(-13.0, 4.0, 14.0)","(0.0, 0.0, 0.0)",
628,28,1,1750.76,57.748,1.57616,None,none,NonFire,36,0,"(-17.0, 2.0, 15.0)","(6.0, 1.0, 3.0)","(0.0, 0.0, 0.0)",
629,29,1,1752.134,59.12147,0.2028958,None,none,NonFire,36,0,"(-17.0, 2.0, 15.0)","(1.0, 1.0, 14.0)","(0.0, 0.0, 0.0)",
630,30,1,1754.603,61.59082,1.200051,None,none,NonFire,36,0,"(-17.0, 2.0, 15.0)","(-16.0, 3.0, 11.0)","(0.0, 0.0, 0.0)",
631,31,1,1756.299,63.28694,0.469234,None,none,NonFire,36,0,"(-17.0, 2.0, 15.0)","(13.0, 4.0, 15.0)","(0.0, 0.0, 0.0)",
632,32,1,1758.388,65.37595,0.8964982,None,none,NonFire,36,0,"(-17.0, 2.0, 15.0)","(-12.0, 3.0, 3.0)","(0.0, 0.0, 0.0)",
633,33,1,1759.762,66.74995,0.1795623,None,none,NonFire,36,0,"(-17.0, 2.0, 15.0)","(2.0, 4.0, 18.0)","(0.0, 0.0, 0.0)",
634,34,1,1761.29,68.27753,0.3229777,None,none,NonFire,36,0,"(-17.0, 2.0, 15.0)","(-4.0, 1.0, 7.0)","(0.0, 0.0, 0.0)",
635,35,1,1762.623,69.61008,0.2011051,None,none,NonFire,36,0,"(-17.0, 2.0, 15.0)","(-1.0, 2.0, 16.0)","(0.0, 0.0, 0.0)",
636,36,1,1764.286,71.27398,0.4918034,None,none,NonFire,36,0,"(-17.0, 2.0, 15.0)","(-5.0, 4.0, 5.0)","(0.0, 0.0, 0.0)",
637,37,1,1765.949,72.938,0.4836245,None,none,NonFire,36,0,"(-17.0, 2.0, 15.0)","(10.0, 1.0, 10.0)","(0.0, 0.0, 0.0)",
638,38,1,1768.15,75.13898,0.9841778,None,none,NonFire,36,0,"(-17.0, 2.0, 15.0)","(-19.0, 3.0, 4.0)","(0.0, 0.0, 0.0)",
639,39,1,1769.757,76.74661,0.3584635,None,none,NonFire,36,0,"(-17.0, 2.0, 15.0)","(9.0, 4.0, 17.0)","(0.0, 0.0, 0.0)",
640,40,1,1771.69,78.67944,0.7703701,None,none,NonFire,36,0,"(-17.0, 2.0, 15.0)","(-12.0, 3.0, 5.0)","(0.0, 0.0, 0.0)",
641,41,1,1774.761,81.75105,1.920301,None,none,NonFire,36,0,"(-17.0, 2.0, 15.0)","(19.0, 1.0, 5.0)","(0.0, 0.0, 0.0)",
642,42,1,1776.612,83.60175,0.6350869,None,none,NonFire,36,0,"(-17.0, 2.0, 15.0)","(7.0, 1.0, 6.0)","(0.0, 0.0, 0.0)",
643,43,1,1778.682,85.67108,0.8951881,None,none,NonFire,36,0,"(-17.0, 2.0, 15.0)","(18.0, 2.0, 0.0)","(0.0, 0.0, 0.0)",
644,44,1,1781.901,88.89046,2.000527,None,none,NonFire,36,0,"(-17.0, 2.0, 15.0)","(14.0, 4.0, 2.0)","(0.0, 0.0, 0.0)",
645,45,1,1784.007,90.9971,0.6453769,None,none,NonFire,36,0,"(-17.0, 2.0, 15.0)","(18.0, 1.0, 18.0)","(0.0, 0.0, 0.0)",
646,46,1,1785.685,92.6743,0.5481997,None,none,NonFire,36,0,"(-17.0, 2.0, 15.0)","(-12.0, 2.0, 19.0)","(0.0, 0.0, 0.0)",
647,47,1,1789.125,96.1145,2.221234,None,none,NonFire,36,0,"(-17.0, 2.0, 15.0)","(11.0, 2.0, 15.0)","(0.0, 0.0, 0.0)",
648,48,1,1791.057,98.04736,0.5478394,None,none,NonFire,36,0,"(-17.0, 2.0, 15.0)","(0.0, 4.0, 1.0)","(0.0, 0.0, 0.0)",
649,49,1,1793.771,100.7621,1.486582,None,none,NonFire,36,0,"(-17.0, 2.0, 15.0)","(11.0, 1.0, 6.0)","(0.0, 0.0, 0.0)",
650,50,1,1795.2,102.1907,0.2570426,None,none,NonFire,36,0,"(-17.0, 2.0, 15.0)","(6.0, 1.0, 12.0)","(0.0, 0.0, 0.0)",
651,51,1,1798.028,105.0176,1.609631,None,none,NonFire,36,0,"(-17.0, 2.0, 15.0)","(-3.0, 4.0, 0.0)","(0.0, 0.0, 0.0)",
652,52,1,1801.812,108.8032,2.472013,None,none,NonFire,36,0,"(-17.0, 2.0, 15.0)","(-10.0, 3.0, 3.0)","(0.0, 0.0, 0.0)",
653,53,1,1809.922,116.9123,0.1676147,None,none,NonFire,36,0,"(-17.0, 2.0, 15.0)","(-1.0, 2.0, 19.0)","(0.0, 0.0, 0.0)",
654,54,1,1811.621,118.6113,0.5165324,None,none,NonFire,36,0,"(-17.0, 2.0, 15.0)","(11.0, 3.0, 14.0)","(0.0, 0.0, 0.0)",
655,55,1,1813.227,120.2182,0.2632229,None,none,NonFire,36,0,"(-17.0, 2.0, 15.0)","(-3.0, 2.0, 9.0)","(0.0, 0.0, 0.0)",
656,56,1,1814.778,121.7693,0.2667456,None,none,NonFire,36,0,"(-17.0, 2.0, 15.0)","(-5.0, 2.0, 15.0)","(0.0, 0.0, 0.0)",
657,57,1,1818.444,125.4352,2.335126,None,none,NonFire,36,0,"(-17.0, 2.0, 15.0)","(12.0, 2.0, 1.0)","(0.0, 0.0, 0.0)",
658,58,1,1820.299,127.2902,0.4911858,None,none,NonFire,36,0,"(-17.0, 2.0, 15.0)","(-14.0, 1.0, 18.0)","(0.0, 0.0, 0.0)",
659,59,1,1823.301,130.2933,1.821857,None,none,NonFire,36,0,"(-17.0, 2.0, 15.0)","(-14.0, 3.0, 11.0)","(0.0, 0.0, 0.0)",
660,60,1,1826.262,133.2534,1.798078,None,none,NonFire,36,0,"(-17.0, 2.0, 15.0)","(9.0, 2.0, 0.0)","(0.0, 0.0, 0.0)",
661,61,1,1828.328,135.3199,0.8487923,None,none,NonFire,36,0,"(-17.0, 2.0, 15.0)","(13.0, 2.0, 15.0)","(0.0, 0.0, 0.0)",
662,62,1,1831.624,138.6151,2.143932,None,none,NonFire,36,0,"(-17.0, 2.0, 15.0)","(19.0, 4.0, 2.0)","(0.0, 0.0, 0.0)",
663,63,1,1833.344,140.335,0.490832,None,none,NonFire,36,0,"(-17.0, 2.0, 15.0)","(1.0, 1.0, 10.0)","(0.0, 0.0, 0.0)",
664,64,1,1835.097,142.0884,0.6276336,None,none,NonFire,36,0,"(-17.0, 2.0, 15.0)","(16.0, 4.0, 10.0)","(0.0, 0.0, 0.0)",
665,65,1,1837.006,143.9989,0.5805777,None,none,NonFire,36,0,"(-17.0, 2.0, 15.0)","(17.0, 2.0, 18.0)","(0.0, 0.0, 0.0)",
666,66,1,1840.044,147.0374,1.793043,None,none,NonFire,36,0,"(-17.0, 2.0, 15.0)","(-6.0, 1.0, 2.0)","(0.0, 0.0, 0.0)",
667,67,1,1843.025,150.0194,1.799152,None,none,NonFire,36,0,"(-17.0, 2.0, 15.0)","(9.0, 4.0, 3.0)","(0.0, 0.0, 0.0)",
668,68,1,1845.804,152.7997,1.574275,None,none,NonFire,36,0,"(-17.0, 2.0, 15.0)","(8.0, 1.0, 4.0)","(0.0, 0.0, 0.0)",
669,69,1,1847.204,154.198,0.2152569,None,none,NonFire,36,0,"(-17.0, 2.0, 15.0)","(3.0, 3.0, 19.0)","(0.0, 0.0, 0.0)",
670,70,1,1850.542,157.5372,2.15545,None,none,NonFire,36,0,"(-17.0, 2.0, 15.0)","(-15.0, 1.0, 6.0)","(0.0, 0.0, 0.0)",
671,71,1,1852.317,159.3122,0.3794791,None,none,NonFire,36,0,"(-17.0, 2.0, 15.0)","(6.0, 1.0, 12.0)","(0.0, 0.0, 0.0)",
672,72,1,1854.506,161.502,1.031611,None,none,NonFire,36,0,"(-17.0, 2.0, 15.0)","(-16.0, 1.0, 14.0)","(0.0, 0.0, 0.0)",
673,73,1,1857.757,164.7523,1.972429,None,none,NonFire,36,0,"(-17.0, 2.0, 15.0)","(-16.0, 4.0, 1.0)","(0.0, 0.0, 0.0)",
674,74,1,1859.176,166.1701,0.180851,None,none,NonFire,36,0,"(-17.0, 2.0, 15.0)","(-2.0, 2.0, 11.0)","(0.0, 0.0, 0.0)",
675,75,1,1862.236,169.2308,1.656494,None,none,NonFire,36,0,"(-17.0, 2.0, 15.0)","(-13.0, 2.0, 0.0)","(0.0, 0.0, 0.0)",
676,76,1,1863.911,170.906,0.3464709,None,none,NonFire,36,0,"(-17.0, 2.0, 15.0)","(-4.0, 2.0, 12.0)","(0.0, 0.0, 0.0)",
677,77,1,1865.531,172.5259,0.492753,None,none,NonFire,36,0,"(-17.0, 2.0, 15.0)","(6.0, 4.0, 6.0)","(0.0, 0.0, 0.0)",
678,78,1,1867.094,174.0897,0.3467606,None,none,NonFire,36,0,"(-17.0, 2.0, 15.0)","(-4.0, 2.0, 17.0)","(0.0, 0.0, 0.0)",
679,79,1,1869.051,176.0462,0.772323,None,none,NonFire,36,0,"(-17.0, 2.0, 15.0)","(-18.0, 3.0, 18.0)","(0.0, 0.0, 0.0)",
680,80,1,1870.692,177.6866,0.4461555,None,none,NonFire,36,0,"(-17.0, 2.0, 15.0)","(-1.0, 4.0, 9.0)","(0.0, 0.0, 0.0)",
681,81,1,1872.545,179.5404,0.6148003,None,none,NonFire,36,0,"(-17.0, 2.0, 15.0)","(-9.0, 3.0, 10.0)","(0.0, 0.0, 0.0)",
682,82,1,1875.672,182.6666,1.932933,None,none,NonFire,36,0,"(-17.0, 2.0, 15.0)","(10.0, 1.0, 5.0)","(0.0, 0.0, 0.0)",
683,83,1,1878.913,185.907,2.06456,None,none,NonFire,36,0,"(-17.0, 2.0, 15.0)","(19.0, 3.0, 9.0)","(0.0, 0.0, 0.0)",
684,84,1,1880.5,187.4933,0.4140936,None,none,NonFire,36,0,"(-17.0, 2.0, 15.0)","(-6.0, 2.0, 18.0)","(0.0, 0.0, 0.0)",
685,85,1,1881.985,188.9786,0.3026805,None,none,NonFire,36,0,"(-17.0, 2.0, 15.0)","(-4.0, 2.0, 17.0)","(0.0, 0.0, 0.0)",
686,86,1,1883.504,190.4978,0.3701027,None,none,NonFire,36,0,"(-17.0, 2.0, 15.0)","(1.0, 4.0, 4.0)","(0.0, 0.0, 0.0)",
687,87,1,1885.078,192.0719,0.3463785,None,none,NonFire,36,0,"(-17.0, 2.0, 15.0)","(14.0, 3.0, 16.0)","(0.0, 0.0, 0.0)",
688,88,1,1886.476,193.4692,0.1893346,None,none,NonFire,36,0,"(-17.0, 2.0, 15.0)","(6.0, 4.0, 15.0)","(0.0, 0.0, 0.0)",
689,89,1,1887.838,194.8316,0.1912761,None,none,NonFire,36,0,"(-17.0, 2.0, 15.0)","(0.0, 2.0, 9.0)","(0.0, 0.0, 0.0)",
690,90,1,1890.416,197.4097,1.530566,None,none,NonFire,36,0,"(-17.0, 2.0, 15.0)","(-9.0, 2.0, 3.0)","(0.0, 0.0, 0.0)",
691,91,1,1892.764,199.7571,1.16185,None,none,NonFire,36,0,"(-17.0, 2.0, 15.0)","(18.0, 4.0, 4.0)","(0.0, 0.0, 0.0)",
692,92,1,1894.373,201.366,0.4171413,None,none,NonFire,36,0,"(-17.0, 2.0, 15.0)","(10.0, 3.0, 14.0)","(0.0, 0.0, 0.0)",
693,93,1,1896.104,203.097,0.6661556,None,none,NonFire,36,0,"(-17.0, 2.0, 15.0)","(-6.0, 2.0, 3.0)","(0.0, 0.0, 0.0)",
694,94,1,1897.643,204.6361,0.4259296,None,none,NonFire,36,0,"(-17.0, 2.0, 15.0)","(-6.0, 1.0, 8.0)","(0.0, 0.0, 0.0)",
695,95,1,1900.426,207.4196,1.654863,None,none,NonFire,36,0,"(-17.0, 2.0, 15.0)","(12.0, 2.0, 6.0)","(0.0, 0.0, 0.0)",
696,96,1,1902.594,209.5869,0.9519404,None,none,NonFire,36,0,"(-17.0, 2.0, 15.0)","(-11.0, 4.0, 5.0)","(0.0, 0.0, 0.0)",
697,97,1,1904.805,211.7984,1.049323,None,none,NonFire,36,0,"(-17.0, 2.0, 15.0)","(-11.0, 1.0, 0.0)","(0.0, 0.0, 0.0)",
698,98,1,1906.825,213.8194,0.7657586,None,none,NonFire,36,0,"(-17.0, 2.0, 15.0)","(6.0, 1.0, 0.0)","(0.0, 0.0, 0.0)",
699,99,1,1908.781,215.7754,0.8170164,None,none,NonFire,36,0,"(-17.0, 2.0, 15.0)","(-13.0, 1.0, 19.0)","(0.0, 0.0, 0.0)",
700,100,1,1911.695,218.6899,1.742179,None,none,NonFire,36,0,"(-17.0, 2.0, 15.0)","(12.0, 4.0, 5.0)","(0.0, 0.0, 0.0)",
701,101,1,1914.186,221.1805,1.289738,None,none,NonFire,36,0,"(-17.0, 2.0, 15.0)","(-17.0, 4.0, 4.0)","(0.0, 0.0, 0.0)",
702,102,1,1916.187,223.1806,0.7937406,None,none,NonFire,36,0,"(-17.0, 2.0, 15.0)","(12.0, 3.0, 11.0)","(0.0, 0.0, 0.0)",
703,103,1,1919.335,226.3293,1.976692,None,none,NonFire,36,0,"(-17.0, 2.0, 15.0)","(15.0, 1.0, 2.0)","(0.0, 0.0, 0.0)",
704,104,1,1920.876,227.8706,0.3730416,None,none,NonFire,36,0,"(-17.0, 2.0, 15.0)","(5.0, 2.0, 11.0)","(0.0, 0.0, 0.0)",
705,105,1,1922.685,229.6803,0.7925748,None,none,NonFire,36,0,"(-17.0, 2.0, 15.0)","(-16.0, 4.0, 15.0)","(0.0, 0.0, 0.0)",
706,106,1,1924.608,231.6032,0.737181,None,none,NonFire,36,0,"(-17.0, 2.0, 15.0)","(12.0, 1.0, 13.0)","(0.0, 0.0, 0.0)",
707,107,1,1927.663,234.6579,1.917064,None,none,NonFire,36,0,"(-17.0, 2.0, 15.0)","(13.0, 2.0, 3.0)","(0.0, 0.0, 0.0)",
708,108,1,1930.773,237.7668,1.964735,None,none,NonFire,36,0,"(-17.0, 2.0, 15.0)","(12.0, 4.0, 4.0)","(0.0, 0.0, 0.0)",
709,109,1,1932.886,239.8803,0.8825863,None,none,NonFire,36,0,"(-17.0, 2.0, 15.0)","(12.0, 3.0, 9.0)","(0.0, 0.0, 0.0)",
710,110,1,1935.687,242.682,1.798267,None,none,NonFire,36,0,"(-17.0, 2.0, 15.0)","(-9.0, 2.0, 14.0)","(0.0, 0.0, 0.0)",
711,111,1,1939.195,246.189,1.956309,None,none,NonFire,36,0,"(-17.0, 2.0, 15.0)","(19.0, 3.0, 0.0)","(0.0, 0.0, 0.0)",
712,112,1,1940.881,247.8748,0.3261385,None,none,NonFire,36,0,"(-17.0, 2.0, 15.0)","(-5.0, 3.0, 19.0)","(0.0, 0.0, 0.0)",
713,113,1,1942.631,249.6258,0.6116331,None,none,NonFire,36,0,"(-17.0, 2.0, 15.0)","(-11.0, 4.0, 16.0)","(0.0, 0.0, 0.0)",
714,114,1,1944.691,251.6846,0.8605042,None,none,NonFire,36,0,"(-17.0, 2.0, 15.0)","(11.0, 1.0, 3.0)","(0.0, 0.0, 0.0)",
715,115,1,1946.477,253.4711,0.605011,None,none,NonFire,36,0,"(-17.0, 2.0, 15.0)","(17.0, 3.0, 12.0)","(0.0, 0.0, 0.0)",
716,116,1,1948.668,255.6617,0.9840516,None,none,NonFire,36,0,"(-17.0, 2.0, 15.0)","(-9.0, 2.0, 0.0)","(0.0, 0.0, 0.0)",
717,117,1,1950.093,257.0872,0.2789768,None,none,NonFire,36,0,"(-17.0, 2.0, 15.0)","(10.0, 1.0, 19.0)","(0.0, 0.0, 0.0)",
718,118,1,1952.934,259.9271,1.721225,None,none,NonFire,36,0,"(-17.0, 2.0, 15.0)","(14.0, 3.0, 4.0)","(0.0, 0.0, 0.0)",
719,119,1,1954.6,261.5916,0.4797755,None,none,NonFire,36,0,"(-17.0, 2.0, 15.0)","(16.0, 1.0, 11.0)","(0.0, 0.0, 0.0)",
720,120,1,1956.199,263.1902,0.4591965,None,none,NonFire,36,0,"(-17.0, 2.0, 15.0)","(-8.0, 1.0, 14.0)","(0.0, 0.0, 0.0)",
721,121,1,1957.571,264.5616,0.3934376,None,none,NonFire,36,0,"(-17.0, 2.0, 15.0)","(9.0, 1.0, 15.0)","(0.0, 0.0, 0.0)",
722,122,1,1960.016,267.008,1.319108,None,none,NonFire,36,0,"(-17.0, 2.0, 15.0)","(-15.0, 3.0, 1.0)","(0.0, 0.0, 0.0)",
723,123,1,1961.659,268.6503,0.3821755,None,none,NonFire,36,0,"(-17.0, 2.0, 15.0)","(-2.0, 3.0, 2.0)","(0.0, 0.0, 0.0)",
724,124,1,1963.11,270.1018,0.2920283,None,none,NonFire,36,0,"(-17.0, 2.0, 15.0)","(7.0, 4.0, 16.0)","(0.0, 0.0, 0.0)",
725,125,1,1964.634,271.6257,0.3284162,None,none,NonFire,36,0,"(-17.0, 2.0, 15.0)","(6.0, 1.0, 12.0)","(0.0, 0.0, 0.0)",
726,126,1,1966.585,273.5759,0.770954,None,none,NonFire,36,0,"(-17.0, 2.0, 15.0)","(8.0, 4.0, 8.0)","(0.0, 0.0, 0.0)",
727,127,1,1969.378,276.3682,1.687276,None,none,NonFire,36,0,"(-17.0, 2.0, 15.0)","(-19.0, 3.0, 5.0)","(0.0, 0.0, 0.0)",
728,128,1,1971.5,278.4909,0.8819946,None,none,NonFire,36,0,"(-17.0, 2.0, 15.0)","(18.0, 2.0, 5.0)","(0.0, 0.0, 0.0)",
729,129,1,1972.829,279.8197,0.2465213,None,none,NonFire,36,0,"(-17.0, 2.0, 15.0)","(3.0, 2.0, 6.0)","(0.0, 0.0, 0.0)",
730,130,1,1974.282,281.2724,0.3695949,None,none,NonFire,36,0,"(-17.0, 2.0, 15.0)","(11.0, 1.0, 19.0)","(0.0, 0.0, 0.0)",
731,131,1,1975.689,282.6797,0.2241865,None,none,NonFire,36,0,"(-17.0, 2.0, 15.0)","(-1.0, 2.0, 15.0)","(0.0, 0.0, 0.0)",
732,132,1,1977.23,284.2197,0.3587471,None,none,NonFire,36,0,"(-17.0, 2.0, 15.0)","(5.0, 2.0, 10.0)","(0.0, 0.0, 0.0)",
733,133,1,1980.302,287.2928,1.882886,None,none,NonFire,36,0,"(-17.0, 2.0, 15.0)","(17.0, 1.0, 7.0)","(0.0, 0.0, 0.0)",
734,134,1,1983.34,290.3307,1.959059,None,none,NonFire,36,0,"(-17.0, 2.0, 15.0)","(-13.0, 4.0, 10.0)","(0.0, 0.0, 0.0)",
735,135,1,1986.033,293.0226,1.519697,None,none,NonFire,36,0,"(-17.0, 2.0, 15.0)","(-4.0, 1.0, 1.0)","(0.0, 0.0, 0.0)",
736,136,1,1988.692,295.6809,1.548684,None,none,NonFire,36,0,"(-17.0, 2.0, 15.0)","(-19.0, 3.0, 4.0)","(0.0, 0.0, 0.0)",
737,137,1,1990.647,297.6354,0.7726273,None,none,NonFire,36,0,"(-17.0, 2.0, 15.0)","(8.0, 4.0, 3.0)","(0.0, 0.0, 0.0)",
738,138,1,1992.165,299.1545,0.3163143,None,none,NonFire,36,0,"(-17.0, 2.0, 15.0)","(5.0, 4.0, 18.0)","(0.0, 0.0, 0.0)",
739,139,1,1993.573,300.5623,0.3140635,None,none,NonFire,36,0,"(-17.0, 2.0, 15.0)","(1.0, 4.0, 4.0)","(0.0, 0.0, 0.0)",
740,140,1,1995.08,302.0696,0.3022789,None,none,NonFire,36,0,"(-17.0, 2.0, 15.0)","(-5.0, 1.0, 10.0)","(0.0, 0.0, 0.0)",
741,141,1,1998.197,305.1864,1.989556,None,none,NonFire,36,0,"(-17.0, 2.0, 15.0)","(15.0, 3.0, 9.0)","(0.0, 0.0, 0.0)",
742,142,1,2000.33,307.3196,1.005976,None,none,NonFire,36,0,"(-17.0, 2.0, 15.0)","(-20.0, 1.0, 3.0)","(0.0, 0.0, 0.0)",
743,143,1,2001.902,308.8914,0.3993316,None,none,NonFire,36,0,"(-17.0, 2.0, 15.0)","(9.0, 2.0, 11.0)","(0.0, 0.0, 0.0)",
744,144,1,2003.76,310.7494,0.7165502,None,none,NonFire,36,0,"(-17.0, 2.0, 15.0)","(-8.0, 1.0, 1.0)","(0.0, 0.0, 0.0)",
745,145,1,2005.424,312.4124,0.4913199,None,none,NonFire,36,0,"(-17.0, 2.0, 15.0)","(-11.0, 1.0, 16.0)","(0.0, 0.0, 0.0)",
746,146,1,2007.322,314.3108,0.7511187,None,none,NonFire,36,0,"(-17.0, 2.0, 15.0)","(16.0, 1.0, 13.0)","(0.0, 0.0, 0.0)",
747,147,1,2008.975,315.9631,0.4968011,None,none,NonFire,36,0,"(-17.0, 2.0, 15.0)","(-15.0, 3.0, 18.0)","(0.0, 0.0, 0.0)",
748,148,1,2010.799,317.7879,0.7053267,None,none,NonFire,36,0,"(-17.0, 2.0, 15.0)","(9.0, 4.0, 19.0)","(0.0, 0.0, 0.0)",
749,149,1,2013.309,320.2984,1.252795,None,none,NonFire,36,0,"(-17.0, 2.0, 15.0)","(8.0, 1.0, 12.0)","(0.0, 0.0, 0.0)",
750,150,1,2016.414,323.4036,1.755485,None,none,NonFire,36,0,"(-17.0, 2.0, 15.0)","(-16.0, 4.0, 3.0)","(0.0, 0.0, 0.0)",
751,151,1,2018.066,325.0565,0.4361562,None,none,NonFire,36,0,"(-17.0, 2.0, 15.0)","(-1.0, 2.0, 13.0)","(0.0, 0.0, 0.0)",
752,152,1,2019.832,326.8214,0.7267811,None,none,NonFire,36,0,"(-17.0, 2.0, 15.0)","(9.0, 3.0, 4.0)","(0.0, 0.0, 0.0)",
753,153,1,2021.228,328.2178,0.2241438,None,none,NonFire,36,0,"(-17.0, 2.0, 15.0)","(1.0, 1.0, 13.0)","(0.0, 0.0, 0.0)",
754,154,1,2023.027,330.0161,0.6604622,None,none,NonFire,36,0,"(-17.0, 2.0, 15.0)","(-18.0, 2.0, 15.0)","(0.0, 0.0, 0.0)",
755,155,1,2024.412,331.401,0.193496,None,none,NonFire,36,0,"(-17.0, 2.0, 15.0)","(0.0, 3.0, 7.0)","(0.0, 0.0, 0.0)",
756,156,1,2027.225,334.2152,1.664301,None,none,NonFire,36,0,"(-17.0, 2.0, 15.0)","(-15.0, 3.0, 4.0)","(0.0, 0.0, 0.0)",
757,157,1,2029.918,336.9073,1.530639,None,none,NonFire,36,0,"(-17.0, 2.0, 15.0)","(18.0, 2.0, 6.0)","(0.0, 0.0, 0.0)",
758,158,1,2031.548,338.5372,0.5228531,None,none,NonFire,36,0,"(-17.0, 2.0, 15.0)","(-2.0, 3.0, 13.0)","(0.0, 0.0, 0.0)",
759,159,1,2032.969,339.9585,0.3687451,None,none,NonFire,36,0,"(-17.0, 2.0, 15.0)","(-10.0, 4.0, 13.0)","(0.0, 0.0, 0.0)",
760,160,1,2035.582,342.571,1.544291,None,none,NonFire,36,0,"(-17.0, 2.0, 15.0)","(10.0, 1.0, 5.0)","(0.0, 0.0, 0.0)",
761,161,1,2036.977,343.9672,0.3251232,None,none,NonFire,36,0,"(-17.0, 2.0, 15.0)","(9.0, 1.0, 14.0)","(0.0, 0.0, 0.0)",
762,162,1,2038.523,345.5137,0.4683091,None,none,NonFire,36,0,"(-17.0, 2.0, 15.0)","(8.0, 4.0, 15.0)","(0.0, 0.0, 0.0)",
763,163,1,2041.479,348.4676,1.910839,None,none,NonFire,36,0,"(-17.0, 2.0, 15.0)","(4.0, 4.0, 1.0)","(0.0, 0.0, 0.0)",
764,164,1,2043.545,350.5345,0.9499702,None,none,NonFire,36,0,"(-17.0, 2.0, 15.0)","(-4.0, 4.0, 1.0)","(0.0, 0.0, 0.0)",
765,165,1,2044.963,351.9527,0.4019507,None,none,NonFire,36,0,"(-17.0, 2.0, 15.0)","(-7.0, 3.0, 11.0)","(0.0, 0.0, 0.0)",
766,166,1,2046.535,353.5258,0.3917915,None,none,NonFire,36,0,"(-17.0, 2.0, 15.0)","(10.0, 4.0, 12.0)","(0.0, 0.0, 0.0)",
767,167,1,2048.76,355.7512,1.006068,None,none,NonFire,36,0,"(-17.0, 2.0, 15.0)","(-4.0, 4.0, 10.0)","(0.0, 0.0, 0.0)",
768,168,1,2050.099,357.0911,0.2339279,None,none,NonFire,36,0,"(-17.0, 2.0, 15.0)","(3.0, 2.0, 15.0)","(0.0, 0.0, 0.0)",
769,169,1,2052.938,359.9284,1.84279,None,none,NonFire,36,0,"(-17.0, 2.0, 15.0)","(13.0, 1.0, 4.0)","(0.0, 0.0, 0.0)",
770,170,1,2054.803,361.7929,0.6574585,None,none,NonFire,36,0,"(-17.0, 2.0, 15.0)","(6.0, 4.0, 3.0)","(0.0, 0.0, 0.0)",
771,171,1,2057.349,364.3408,1.408392,None,none,NonFire,36,0,"(-17.0, 2.0, 15.0)","(-15.0, 1.0, 15.0)","(0.0, 0.0, 0.0)",
772,172,1,2060.345,367.3349,1.766262,None,none,NonFire,36,0,"(-17.0, 2.0, 15.0)","(7.0, 1.0, 1.0)","(0.0, 0.0, 0.0)",
773,173,1,2065.068,372.0586,3.586427,None,none,NonFire,36,0,"(-17.0, 2.0, 15.0)","(8.0, 3.0, 19.0)","(0.0, 0.0, 0.0)",
774,174,1,2067.424,374.4155,1.00638,None,none,NonFire,36,0,"(-17.0, 2.0, 15.0)","(-13.0, 2.0, 3.0)","(0.0, 0.0, 0.0)",
775,175,1,2068.941,375.931,0.2343587,None,none,NonFire,36,0,"(-17.0, 2.0, 15.0)","(-2.0, 1.0, 4.0)","(0.0, 0.0, 0.0)",
776,176,1,2071.502,378.4929,1.409817,None,none,NonFire,36,0,"(-17.0, 2.0, 15.0)","(17.0, 2.0, 2.0)","(0.0, 0.0, 0.0)",
777,177,1,2073.957,380.9494,1.274549,None,none,NonFire,36,0,"(-17.0, 2.0, 15.0)","(-19.0, 4.0, 7.0)","(0.0, 0.0, 0.0)",
778,178,1,2075.61,382.6031,0.4472392,None,none,NonFire,36,0,"(-17.0, 2.0, 15.0)","(10.0, 2.0, 12.0)","(0.0, 0.0, 0.0)",
779,179,1,2078.546,385.5403,1.765456,None,none,NonFire,36,0,"(-17.0, 2.0, 15.0)","(4.0, 1.0, 1.0)","(0.0, 0.0, 0.0)",
780,180,1,2080.198,387.1935,0.5142303,None,none,NonFire,36,0,"(-17.0, 2.0, 15.0)","(2.0, 1.0, 10.0)","(0.0, 0.0, 0.0)",
781,181,1,2082.567,389.5616,1.184428,None,none,NonFire,36,0,"(-17.0, 2.0, 15.0)","(-9.0, 1.0, 0.0)","(0.0, 0.0, 0.0)",
782,182,1,2084.083,391.0783,0.3471391,None,none,NonFire,36,0,"(-17.0, 2.0, 15.0)","(5.0, 4.0, 10.0)","(0.0, 0.0, 0.0)",
783,183,1,2086.921,393.9174,1.755573,None,none,NonFire,36,0,"(-17.0, 2.0, 15.0)","(-7.0, 3.0, 4.0)","(0.0, 0.0, 0.0)",
784,184,1,2088.451,395.4467,0.355814,None,none,NonFire,36,0,"(-17.0, 2.0, 15.0)","(9.0, 4.0, 17.0)","(0.0, 0.0, 0.0)",
785,185,1,2090.028,397.0224,0.4692407,None,none,NonFire,36,0,"(-17.0, 2.0, 15.0)","(-7.0, 4.0, 11.0)","(0.0, 0.0, 0.0)",
786,186,1,2094.763,401.7581,3.552404,None,none,NonFire,36,0,"(-17.0, 2.0, 15.0)","(-2.0, 4.0, 0.0)","(0.0, 0.0, 0.0)",
787,187,1,2101.163,408.1582,1.712631,None,none,NonFire,36,0,"(-17.0, 2.0, 15.0)","(6.0, 4.0, 4.0)","(0.0, 0.0, 0.0)",
788,188,1,2103.195,410.1911,0.4140445,None,none,NonFire,36,0,"(-17.0, 2.0, 15.0)","(7.0, 1.0, 15.0)","(0.0, 0.0, 0.0)",
789,189,1,2105.406,412.4024,1.027195,None,none,NonFire,36,0,"(-17.0, 2.0, 15.0)","(16.0, 4.0, 12.0)","(0.0, 0.0, 0.0)",
790,190,1,2107.071,414.0674,0.6526123,None,none,NonFire,36,0,"(-17.0, 2.0, 15.0)","(10.0, 2.0, 2.0)","(0.0, 0.0, 0.0)",
791,191,1,2108.846,415.8424,0.7632841,None,none,NonFire,36,0,"(-17.0, 2.0, 15.0)","(-5.0, 3.0, 9.0)","(0.0, 0.0, 0.0)",
792,192,1,2110.487,417.4846,0.6048546,None,none,NonFire,36,0,"(-17.0, 2.0, 15.0)","(11.0, 4.0, 2.0)","(0.0, 0.0, 0.0)",
793,193,1,2113.695,420.6912,2.033208,None,none,NonFire,36,0,"(-17.0, 2.0, 15.0)","(16.0, 2.0, 10.0)","(0.0, 0.0, 0.0)",
794,194,1,2115.224,422.2202,0.4689453,None,none,NonFire,36,0,"(-17.0, 2.0, 15.0)","(14.0, 2.0, 14.0)","(0.0, 0.0, 0.0)",
795,195,1,2116.698,423.694,0.3473624,None,none,NonFire,36,0,"(-17.0, 2.0, 15.0)","(5.0, 1.0, 15.0)","(0.0, 0.0, 0.0)",
796,196,1,2118.387,425.3829,0.5481153,None,none,NonFire,36,0,"(-17.0, 2.0, 15.0)","(-12.0, 2.0, 8.0)","(0.0, 0.0, 0.0)",
797,197,1,2120.073,427.0685,0.5364435,None,none,NonFire,36,0,"(-17.0, 2.0, 15.0)","(19.0, 4.0, 16.0)","(0.0, 0.0, 0.0)",
798,198,1,2121.681,428.6761,0.2787176,None,none,NonFire,36,0,"(-17.0, 2.0, 15.0)","(-3.0, 2.0, 19.0)","(0.0, 0.0, 0.0)",
799,199,1,2123.215,430.21,0.4818267,None,none,NonFire,36,0,"(-17.0, 2.0, 15.0)","(-11.0, 3.0, 18.0)","(0.0, 0.0, 0.0)",
